numActiveSessions:vector baselineTestQoS.hostVID[15].app[0] (#0 - testingConfigurator5slices-0-20240322-15:59:30-33125),,DASHBufferLength:vector baselineTestQoS.hostVID[15].app[0] (#0 - testingConfigurator5slices-0-20240322-15:59:30-33125),,DASHVideoPlaybackPointer:vector baselineTestQoS.hostVID[15].app[0] (#0 - testingConfigurator5slices-0-20240322-15:59:30-33125),,DASHVideoBitrate:vector baselineTestQoS.hostVID[15].app[0] (#0 - testingConfigurator5slices-0-20240322-15:59:30-33125),,DASHVideoResolution:vector baselineTestQoS.hostVID[15].app[0] (#0 - testingConfigurator5slices-0-20240322-15:59:30-33125),,DASHVideoPlaybackStatus:vector baselineTestQoS.hostVID[15].app[0] (#0 - testingConfigurator5slices-0-20240322-15:59:30-33125),,txPk:vector(packetBytes) baselineTestQoS.hostVID[15].ppp[0].ppp (#0 - testingConfigurator5slices-0-20240322-15:59:30-33125),,rxPkOk:vector(packetBytes) baselineTestQoS.hostVID[15].ppp[0].ppp (#0 - testingConfigurator5slices-0-20240322-15:59:30-33125),,rtt:vector baselineTestQoS.hostVID[15].tcp.conn-526 (#0 - testingConfigurator5slices-0-20240322-15:59:30-33125),,endToEndDelay:vector baselineTestQoS.hostVID[15].app[0] (#0 - testingConfigurator5slices-0-20240322-15:59:30-33125),,DASHReceivedBytes:vector baselineTestQoS.hostVID[15].app[0] (#0 - testingConfigurator5slices-0-20240322-15:59:30-33125),
0,0,0,0,0,0,0,365,0,360,0.281345600476,0,0.281345600476,51,0.361555058076,51,0.441586900476,0.080031842399999996,0.441718436476,0.040137108800000001,1.1146199784,100000
0.281345600476,1,1.8366263512,5,2.8366263512,1,1.1146199784,246,1.1146199784,360,1.8366263512,1,0.361555058076,47,0.441586900476,47,1.1947445912,0.080124612799999994,0.521957320476,0.120375992799999997,1.8366263512,153750
,,2.8366263512,4,3.8366263512,2,1.8366263512,366,1.8366263512,360,,,0.361555434076,247,0.441718436476,1499,1.9168421912,0.080215839999999982,0.522077240476,0.120495912799999992,2.9298000792,228750
,,2.9298000792,9,4.8366263512,3,2.9298000792,288,2.9298000792,360,,,0.441718436476,47,0.521957320476,1499,3.0099979512,0.080197872000000002,0.602196204476,0.200614876800000007,3.8903921432,180000
,,3.8366263512,8,,,3.8903921432,339,3.8903921432,360,,,0.521957320476,47,0.522077240476,1499,3.9704579512,0.080065807999999988,0.602316124476,0.200734796800000003,4.9574266312,211875
,,3.8903921432,13,,,4.9574266312,663,4.9574266312,480,,,0.522077240476,47,0.602196204476,1499,,,0.605924892536,0.204343564859999992,,
,,4.8366263512,12,,,,,,,,,0.602196204476,47,0.602316124476,1499,,,0.611146862154,0.20956553447799997,,
,,4.9574266312,17,,,,,,,,,0.602316124476,47,0.605924892536,1499,,,0.682435088476,0.280853760800000017,,
,,,,,,,,,,,,0.605924892536,47,0.611146862154,1499,,,0.682555008476,0.280973680799999957,,
,,,,,,,,,,,,0.611146862154,47,0.682435088476,1499,,,0.686017417607,0.284436089931,,
,,,,,,,,,,,,0.682435088476,47,0.682555008476,1499,,,0.691371548007,0.28979022033099999,,
,,,,,,,,,,,,0.682555008476,47,0.686017417607,1499,,,0.696894623416,0.295313295739999979,,
,,,,,,,,,,,,0.686017417607,47,0.691371548007,1499,,,0.702148890928,0.300567563251999957,,
,,,,,,,,,,,,0.691371548007,47,0.696894623416,1499,,,0.70760333861,0.306022010933999942,,
,,,,,,,,,,,,0.696894623416,47,0.702148890928,1499,,,0.712849738017,0.311268410340999944,,
,,,,,,,,,,,,0.702148890928,47,0.70760333861,1499,,,0.762798693276,0.361217365599999949,,
,,,,,,,,,,,,0.70760333861,47,0.712849738017,1499,,,0.762918613276,0.3613372856,,
,,,,,,,,,,,,0.712849738017,47,0.762798693276,1499,,,0.766494942407,0.364913614730999923,,
,,,,,,,,,,,,0.762798693276,47,0.762918613276,1499,,,0.771729152807,0.370147825130999972,,
,,,,,,,,,,,,0.762918613276,47,0.766494942407,1499,,,0.777717988216,0.376136660539999943,,
,,,,,,,,,,,,0.766494942407,47,0.771729152807,1499,,,0.782487774928,0.380906447251999956,,
,,,,,,,,,,,,0.771729152807,47,0.777717988216,1499,,,0.787922836323,0.386341508647000007,,
,,,,,,,,,,,,0.777717988216,47,0.782487774928,1499,,,0.793159098017,0.39157777034099994,,
,,,,,,,,,,,,0.782487774928,47,0.787922836323,1499,,,0.798686032265,0.397104704588999933,,
,,,,,,,,,,,,0.787922836323,47,0.793159098017,1499,,,0.803864008972,0.402282681295999975,,
,,,,,,,,,,,,0.793159098017,47,0.798686032265,1499,,,0.809523725923,0.407942398246999957,,
,,,,,,,,,,,,0.798686032265,47,0.803864008972,1499,,,0.814697897228,0.413116569551999933,,
,,,,,,,,,,,,0.803864008972,47,0.809523725923,1499,,,0.820580729806,0.418999402129999974,,
,,,,,,,,,,,,0.809523725923,47,0.814697897228,1499,,,0.825319440972,0.423738113295999972,,
,,,,,,,,,,,,0.814697897228,47,0.820580729806,1499,,,0.830984917607,0.429403589930999916,,
,,,,,,,,,,,,0.820580729806,47,0.825319440972,1499,,,0.836006267202,0.434424939525999917,,
,,,,,,,,,,,,0.825319440972,47,0.830984917607,1499,,,0.843143577276,0.441562249600000009,,
,,,,,,,,,,,,0.830984917607,47,0.836006267202,1499,,,0.846677574003,0.445096246326999954,,
,,,,,,,,,,,,0.836006267202,47,0.843143577276,1499,,,0.852026597607,0.450445269930999978,,
,,,,,,,,,,,,0.843143577276,47,0.846677574003,1499,,,0.857481993016,0.455900665339999953,,
,,,,,,,,,,,,0.846677574003,47,0.852026597607,1499,,,0.862994100528,0.461412772851999994,,
,,,,,,,,,,,,0.852026597607,47,0.857481993016,1499,,,0.868099705336,0.466518377659999925,,
,,,,,,,,,,,,0.857481993016,47,0.862994100528,1499,,,0.873892622817,0.472311295141000007,,
,,,,,,,,,,,,0.862994100528,47,0.868099705336,1499,,,0.878855637065,0.477274309388999948,,
,,,,,,,,,,,,0.868099705336,47,0.873892622817,1499,,,0.884325550803,0.482744223126999936,,
,,,,,,,,,,,,0.873892622817,47,0.878855637065,1499,,,0.889513160323,0.487931832647000016,,
,,,,,,,,,,,,0.878855637065,47,0.884325550803,1499,,,0.895056701228,0.493475373551999994,,
,,,,,,,,,,,,0.884325550803,47,0.889513160323,1499,,,0.900218814606,0.498637486929999982,,
,,,,,,,,,,,,0.889513160323,47,0.895056701228,1499,,,0.905684244972,0.504102917295999873,,
,,,,,,,,,,,,0.895056701228,47,0.900218814606,1499,,,0.911054909699,0.509473582022999858,,
,,,,,,,,,,,,0.900218814606,47,0.905684244972,1499,,,0.916463872002,0.514882544325999889,,
,,,,,,,,,,,,0.905684244972,47,0.911054909699,1499,,,0.921745379728,0.52016405205199989,,
,,,,,,,,,,,,0.911054909699,47,0.916463872002,1499,,,0.927016458003,0.525435130326999953,,
,,,,,,,,,,,,0.916463872002,47,0.921745379728,1499,,,0.932358282407,0.530776954730999948,,
,,,,,,,,,,,,0.921745379728,47,0.927016458003,1499,,,0.937819677816,0.536238350139999873,,
,,,,,,,,,,,,0.927016458003,47,0.932358282407,1499,,,0.943155654928,0.54157432725199994,,
,,,,,,,,,,,,0.932358282407,47,0.937819677816,1499,,,0.948402516323,0.54682118864700002,,
,,,,,,,,,,,,0.937819677816,47,0.943155654928,1499,,,0.953770526699,0.552189199022999896,,
,,,,,,,,,,,,0.943155654928,47,0.948402516323,1499,,,0.959187321865,0.557605994188999917,,
,,,,,,,,,,,,0.948402516323,47,0.953770526699,1499,,,0.964653475603,0.563072147926999997,,
,,,,,,,,,,,,0.953770526699,47,0.959187321865,1499,,,0.969956339797,0.568375012120999831,,
,,,,,,,,,,,,0.959187321865,47,0.964653475603,1499,,,0.975205217434,0.573623889757999935,,
,,,,,,,,,,,,0.964653475603,47,0.969956339797,1499,,,0.98070200629,0.579120678613999959,,
,,,,,,,,,,,,0.969956339797,47,0.975205217434,1499,,,0.985878285442,0.58429695776599999,,
,,,,,,,,,,,,0.975205217434,47,0.98070200629,1499,,,0.991564888972,0.589983561296000045,,
,,,,,,,,,,,,0.98070200629,47,0.985878285442,1499,,,0.996582836002,0.595001508325999848,,
,,,,,,,,,,,,0.985878285442,47,0.991564888972,1499,,,1.002180512159,0.600599184482999868,,
,,,,,,,,,,,,0.991564888972,47,0.996582836002,1499,,,1.007366866876,0.605785539199999997,,
,,,,,,,,,,,,0.996582836002,47,1.002180512159,1499,,,1.012727887207,0.611146559530999941,,
,,,,,,,,,,,,1.002180512159,47,1.007366866876,1499,,,1.018022402616,0.616441074939999996,,
,,,,,,,,,,,,1.007366866876,47,1.012727887207,1499,,,1.023573350032,0.621992022356000038,,
,,,,,,,,,,,,1.012727887207,47,1.018022402616,1499,,,1.028740201123,0.62715887344699994,,
,,,,,,,,,,,,1.018022402616,47,1.023573350032,1499,,,1.034373971499,0.632792643823000041,,
,,,,,,,,,,,,1.023573350032,47,1.028740201123,1499,,,1.1146199784,0.713038650723999851,,
,,,,,,,,,,,,1.028740201123,47,1.034373971499,1499,,,1.1948761272,0.040231471199999993,,
,,,,,,,,,,,,1.034373971499,47,1.1146199784,1311,,,1.1951159672,0.040471311199999998,,
,,,,,,,,,,,,1.1146199784,47,1.1947445912,47,,,1.1994858072,0.044841151199999998,,
,,,,,,,,,,,,1.1146203544,247,1.1948761272,1499,,,1.2039648472,0.049320191200000001,,
,,,,,,,,,,,,1.1948761272,47,1.1951159672,1499,,,1.2102654072,0.055620751199999998,,
,,,,,,,,,,,,1.1951159672,47,1.1994858072,1499,,,1.2147204472,0.060075791199999991,,
,,,,,,,,,,,,1.1994858072,47,1.2039648472,1499,,,1.2207242072,0.066079551200000002,,
,,,,,,,,,,,,1.2039648472,47,1.2102654072,1499,,,1.2254550872,0.070810431199999995,,
,,,,,,,,,,,,1.2102654072,47,1.2147204472,1499,,,1.2314946072,0.076849951199999988,,
,,,,,,,,,,,,1.2147204472,47,1.2207242072,1499,,,1.2361284472,0.081483791199999988,,
,,,,,,,,,,,,1.2207242072,47,1.2254550872,1499,,,1.2419386072,0.087293951199999996,,
,,,,,,,,,,,,1.2254550872,47,1.2314946072,1499,,,1.2471431672,0.092498511199999993,,
,,,,,,,,,,,,1.2314946072,47,1.2361284472,1499,,,1.2529353272,0.098290671199999984,,
,,,,,,,,,,,,1.2361284472,47,1.2419386072,1499,,,1.2576438872,0.102999231199999985,,
,,,,,,,,,,,,1.2419386072,47,1.2471431672,1499,,,1.2638305272,0.109185871200000006,,
,,,,,,,,,,,,1.2471431672,47,1.2529353272,1499,,,1.2683502072,0.113705551200000004,,
,,,,,,,,,,,,1.2529353272,47,1.2576438872,1499,,,1.2747359672,0.120091311199999994,,
,,,,,,,,,,,,1.2576438872,47,1.2638305272,1499,,,1.2790740472,0.124429391199999988,,
,,,,,,,,,,,,1.2638305272,47,1.2683502072,1499,,,1.2850105272,0.130365871199999982,,
,,,,,,,,,,,,1.2683502072,47,1.2747359672,1499,,,1.2900998872,0.135455231199999969,,
,,,,,,,,,,,,1.2747359672,47,1.2790740472,1499,,,1.2958907672,0.141246111199999967,,
,,,,,,,,,,,,1.2790740472,47,1.2850105272,1499,,,1.3004777272,0.145833071199999996,,
,,,,,,,,,,,,1.2850105272,47,1.2900998872,1499,,,1.3061799672,0.151535311199999966,,
,,,,,,,,,,,,1.2900998872,47,1.2958907672,1499,,,1.3112466072,0.156601951199999977,,
,,,,,,,,,,,,1.2958907672,47,1.3004777272,1499,,,1.3172953272,0.162650671199999984,,
,,,,,,,,,,,,1.3004777272,47,1.3061799672,1499,,,1.3218762872,0.167231631200000007,,
,,,,,,,,,,,,1.3061799672,47,1.3112466072,1499,,,1.3282830072,0.173638351199999984,,
,,,,,,,,,,,,1.3112466072,47,1.3172953272,1499,,,1.3326121272,0.177967471200000003,,
,,,,,,,,,,,,1.3172953272,47,1.3218762872,1499,,,1.3383108472,0.183666191199999994,,
,,,,,,,,,,,,1.3218762872,47,1.3282830072,1499,,,1.3433414072,0.188696751200000011,,
,,,,,,,,,,,,1.3282830072,47,1.3326121272,1499,,,1.3490650872,0.194420431199999964,,
,,,,,,,,,,,,1.3326121272,47,1.3383108472,1499,,,1.3544854872,0.199840831200000012,,
,,,,,,,,,,,,1.3383108472,47,1.3433414072,1499,,,1.3601663672,0.205521711200000011,,
,,,,,,,,,,,,1.3433414072,47,1.3490650872,1499,,,1.3651399672,0.210495311199999978,,
,,,,,,,,,,,,1.3490650872,47,1.3544854872,1499,,,1.3737449272,0.219100271199999973,,
,,,,,,,,,,,,1.3544854872,47,1.3601663672,1499,,,1.3776003672,0.222955711199999961,,
,,,,,,,,,,,,1.3601663672,47,1.3651399672,1499,,,1.3843698872,0.229725231199999989,,
,,,,,,,,,,,,1.3651399672,47,1.3737449272,1499,,,1.3876317272,0.232987071200000005,,
,,,,,,,,,,,,1.3737449272,47,1.3776003672,1499,,,1.3950074872,0.240362831199999959,,
,,,,,,,,,,,,1.3776003672,47,1.3843698872,1499,,,1.3971720472,0.242527391199999997,,
,,,,,,,,,,,,1.3843698872,47,1.3876317272,1499,,,1.4039475672,0.249302911199999975,,
,,,,,,,,,,,,1.3876317272,47,1.3950074872,1499,,,1.4078090072,0.253164351200000025,,
,,,,,,,,,,,,1.3950074872,47,1.3971720472,1499,,,1.4145702872,0.259925631200000005,,
,,,,,,,,,,,,1.3971720472,47,1.4039475672,1499,,,1.4185595672,0.263914911199999989,,
,,,,,,,,,,,,1.4039475672,47,1.4078090072,1499,,,1.4254931672,0.270848511199999973,,
,,,,,,,,,,,,1.4078090072,47,1.4145702872,1499,,,1.4294792472,0.274834591199999976,,
,,,,,,,,,,,,1.4145702872,47,1.4185595672,1499,,,1.4346658072,0.280021151199999928,,
,,,,,,,,,,,,1.4185595672,47,1.4254931672,1499,,,1.4400959672,0.2854513112,,
,,,,,,,,,,,,1.4254931672,47,1.4294792472,1499,,,1.4486336472,0.293988991199999992,,
,,,,,,,,,,,,1.4294792472,47,1.4346658072,1499,,,1.4561035672,0.301458911200000011,,
,,,,,,,,,,,,1.4346658072,47,1.4400959672,1499,,,1.4593654072,0.304720751199999971,,
,,,,,,,,,,,,1.4400959672,47,1.4486336472,1499,,,1.4699314072,0.315286751199999935,,
,,,,,,,,,,,,1.4486336472,47,1.4561035672,1499,,,1.4700513272,0.315406671199999986,,
,,,,,,,,,,,,1.4561035672,47,1.4593654072,1499,,,1.4808103672,0.326165711199999928,,
,,,,,,,,,,,,1.4593654072,47,1.4699314072,1499,,,1.4837184472,0.329073791200000019,,
,,,,,,,,,,,,1.4699314072,47,1.4700513272,1499,,,1.4914413272,0.336796671200000006,,
,,,,,,,,,,,,1.4700513272,47,1.4808103672,1499,,,1.4954166872,0.34077203119999999,,
,,,,,,,,,,,,1.4808103672,47,1.4837184472,1499,,,1.5021956472,0.34755099119999999,,
,,,,,,,,,,,,1.4837184472,47,1.4914413272,1499,,,1.5057260472,0.351081391199999924,,
,,,,,,,,,,,,1.4914413272,47,1.4954166872,1499,,,1.5128619672,0.358217311199999997,,
,,,,,,,,,,,,1.4954166872,47,1.5021956472,1499,,,1.5155122072,0.360867551200000023,,
,,,,,,,,,,,,1.5021956472,47,1.5057260472,1499,,,1.5236770872,0.369032431199999953,,
,,,,,,,,,,,,1.5057260472,47,1.5128619672,1499,,,1.5245503672,0.369905711199999929,,
,,,,,,,,,,,,1.5128619672,47,1.5155122072,1499,,,1.5341231672,0.379478511199999977,,
,,,,,,,,,,,,1.5155122072,47,1.5236770872,1499,,,1.5343630072,0.379718351199999969,,
,,,,,,,,,,,,1.5236770872,47,1.5245503672,1499,,,1.5448794872,0.390234831200000018,,
,,,,,,,,,,,,1.5245503672,47,1.5341231672,1499,,,1.5449994072,0.390354751199999958,,
,,,,,,,,,,,,1.5341231672,47,1.5343630072,1499,,,1.5557614072,0.401116751200000008,,
,,,,,,,,,,,,1.5343630072,47,1.5448794872,1499,,,1.5597534872,0.405108831199999962,,
,,,,,,,,,,,,1.5448794872,47,1.5449994072,1499,,,1.5664090872,0.411764431199999946,,
,,,,,,,,,,,,1.5449994072,47,1.5557614072,1499,,,1.5719554072,0.417310751199999939,,
,,,,,,,,,,,,1.5557614072,47,1.5597534872,1499,,,1.5771950872,0.422550431200000018,,
,,,,,,,,,,,,1.5597534872,47,1.5664090872,1499,,,1.5844630872,0.42981843119999996,,
,,,,,,,,,,,,1.5664090872,47,1.5719554072,1499,,,1.5878615672,0.433216911199999941,,
,,,,,,,,,,,,1.5719554072,47,1.5771950872,1499,,,1.5961934872,0.441548831199999989,,
,,,,,,,,,,,,1.5771950872,47,1.5844630872,1499,,,1.5986098872,0.443965231199999974,,
,,,,,,,,,,,,1.5844630872,47,1.5878615672,1499,,,1.6090858072,0.454441151199999946,,
,,,,,,,,,,,,1.5878615672,47,1.5961934872,1499,,,1.6094455672,0.454800911199999989,,
,,,,,,,,,,,,1.5961934872,47,1.5986098872,1499,,,1.6199465272,0.465301871199999992,,
,,,,,,,,,,,,1.5986098872,47,1.6090858072,1499,,,1.6230922072,0.46844755119999992,,
,,,,,,,,,,,,1.6090858072,47,1.6094455672,1499,,,1.6308564472,0.476211791200000009,,
,,,,,,,,,,,,1.6094455672,47,1.6199465272,1499,,,1.6365342072,0.481889551199999986,,
,,,,,,,,,,,,1.6199465272,47,1.6230922072,1499,,,1.6413916472,0.486746991199999976,,
,,,,,,,,,,,,1.6230922072,47,1.6308564472,1499,,,1.6487667672,0.494122111199999933,,
,,,,,,,,,,,,1.6308564472,47,1.6365342072,1499,,,1.6521412472,0.497496591200000002,,
,,,,,,,,,,,,1.6365342072,47,1.6413916472,1499,,,1.6592882072,0.504643551200000038,,
,,,,,,,,,,,,1.6413916472,47,1.6487667672,1499,,,1.6627946072,0.508149951199999836,,
,,,,,,,,,,,,1.6487667672,47,1.6521412472,1499,,,1.6681506872,0.513506031199999932,,
,,,,,,,,,,,,1.6521412472,47,1.6592882072,1499,,,1.6734758072,0.518831151199999894,,
,,,,,,,,,,,,1.6592882072,47,1.6627946072,1499,,,1.6781886872,0.523544031199999924,,
,,,,,,,,,,,,1.6627946072,47,1.6681506872,1499,,,1.6842620472,0.529617391199999951,,
,,,,,,,,,,,,1.6681506872,47,1.6734758072,1499,,,1.6893909272,0.534746271199999954,,
,,,,,,,,,,,,1.6734758072,47,1.6781886872,1499,,,1.6949571672,0.540312511200000009,,
,,,,,,,,,,,,1.6781886872,47,1.6842620472,1499,,,1.6989445272,0.544299871200000005,,
,,,,,,,,,,,,1.6842620472,47,1.6893909272,1499,,,1.7056020472,0.550957391199999865,,
,,,,,,,,,,,,1.6893909272,47,1.6949571672,1499,,,1.7090977272,0.554453071199999978,,
,,,,,,,,,,,,1.6949571672,47,1.6989445272,1499,,,1.7162810072,0.561636351199999992,,
,,,,,,,,,,,,1.6989445272,47,1.7056020472,1499,,,1.7189389272,0.564294271199999861,,
,,,,,,,,,,,,1.7056020472,47,1.7090977272,1499,,,1.7256830872,0.571038431199999861,,
,,,,,,,,,,,,1.7090977272,47,1.7162810072,1499,,,1.7273739672,0.572729311200000032,,
,,,,,,,,,,,,1.7162810072,47,1.7189389272,1499,,,1.7363012472,0.581656591200000014,,
,,,,,,,,,,,,1.7189389272,47,1.7256830872,1499,,,1.7380028472,0.583358191199999873,,
,,,,,,,,,,,,1.7256830872,47,1.7273739672,1499,,,1.7464818872,0.591837231199999977,,
,,,,,,,,,,,,1.7273739672,47,1.7363012472,1499,,,1.7487982872,0.594153631199999972,,
,,,,,,,,,,,,1.7363012472,47,1.7380028472,1499,,,1.7561860472,0.60154139120000005,,
,,,,,,,,,,,,1.7380028472,47,1.7464818872,1499,,,1.8366263512,0.681981695199999956,,
,,,,,,,,,,,,1.7464818872,47,1.7487982872,1499,,,1.9169737272,0.0403211064,,
,,,,,,,,,,,,1.7487982872,47,1.7561860472,1499,,,1.9170996472,0.040447026400000002,,
,,,,,,,,,,,,1.7561860472,47,1.8366263512,1337,,,1.9227658872,0.046113266399999991,,
,,,,,,,,,,,,1.8366263512,47,1.9168421912,47,,,1.9262141272,0.049561506399999996,,
,,,,,,,,,,,,1.8366267272,247,1.9169737272,1499,,,1.9339341272,0.057281506400000001,,
,,,,,,,,,,,,1.9169737272,47,1.9170996472,1499,,,1.9369321272,0.060279506400000001,,
,,,,,,,,,,,,1.9170996472,47,1.9227658872,1499,,,1.9446730072,0.068020386399999993,,
,,,,,,,,,,,,1.9227658872,47,1.9262141272,1499,,,1.9475830072,0.070930386399999989,,
,,,,,,,,,,,,1.9262141272,47,1.9339341272,1499,,,1.9546217272,0.077969106399999987,,
,,,,,,,,,,,,1.9339341272,47,1.9369321272,1499,,,1.9583010072,0.081648386399999994,,
,,,,,,,,,,,,1.9369321272,47,1.9446730072,1499,,,1.9660684472,0.08941582639999998,,
,,,,,,,,,,,,1.9446730072,47,1.9475830072,1499,,,1.9690882072,0.092435586399999991,,
,,,,,,,,,,,,1.9475830072,47,1.9546217272,1499,,,1.9765021272,0.099849506399999981,,
,,,,,,,,,,,,1.9546217272,47,1.9583010072,1499,,,1.9796547672,0.103002146399999993,,
,,,,,,,,,,,,1.9583010072,47,1.9660684472,1499,,,1.9875942872,0.110941666399999998,,
,,,,,,,,,,,,1.9660684472,47,1.9690882072,1499,,,1.9903751672,0.113722546399999984,,
,,,,,,,,,,,,1.9690882072,47,1.9765021272,1499,,,1.9977522072,0.121099586399999986,,
,,,,,,,,,,,,1.9765021272,47,1.9796547672,1499,,,2.0011339672,0.124481346399999997,,
,,,,,,,,,,,,1.9796547672,47,1.9875942872,1499,,,2.0081930872,0.131540466399999999,,
,,,,,,,,,,,,1.9875942872,47,1.9903751672,1499,,,2.0118333272,0.13518070639999996,,
,,,,,,,,,,,,1.9903751672,47,1.9977522072,1499,,,2.0188581272,0.142205506399999958,,
,,,,,,,,,,,,1.9977522072,47,2.0011339672,1499,,,2.0225876472,0.1459350264,,
,,,,,,,,,,,,2.0011339672,47,2.0081930872,1499,,,2.0295735672,0.152920946399999978,,
,,,,,,,,,,,,2.0081930872,47,2.0118333272,1499,,,2.0332695672,0.156616946400000011,,
,,,,,,,,,,,,2.0118333272,47,2.0188581272,1499,,,2.0404700472,0.163817426399999965,,
,,,,,,,,,,,,2.0188581272,47,2.0225876472,1499,,,2.0439856472,0.167333026399999972,,
,,,,,,,,,,,,2.0225876472,47,2.0295735672,1499,,,2.0509969272,0.174344306399999981,,
,,,,,,,,,,,,2.0295735672,47,2.0332695672,1499,,,2.0546690872,0.178016466399999961,,
,,,,,,,,,,,,2.0332695672,47,2.0404700472,1499,,,2.0616958072,0.185043186400000002,,
,,,,,,,,,,,,2.0404700472,47,2.0439856472,1499,,,2.0653294072,0.188676786399999961,,
,,,,,,,,,,,,2.0439856472,47,2.0509969272,1499,,,2.0723994872,0.195746866399999996,,
,,,,,,,,,,,,2.0509969272,47,2.0546690872,1499,,,2.0761577272,0.199505106399999964,,
,,,,,,,,,,,,2.0546690872,47,2.0616958072,1499,,,2.0897322072,0.213079586399999964,,
,,,,,,,,,,,,2.0616958072,47,2.0653294072,1499,,,2.1015689272,0.224916306399999987,,
,,,,,,,,,,,,2.0653294072,47,2.0723994872,1499,,,2.1072556472,0.230603026399999965,,
,,,,,,,,,,,,2.0723994872,47,2.0761577272,1499,,,2.1193191672,0.242666546399999959,,
,,,,,,,,,,,,2.0761577272,47,2.0897322072,1499,,,2.1310846872,0.254432066399999933,,
,,,,,,,,,,,,2.0897322072,47,2.1015689272,1499,,,2.1402050872,0.263552466399999961,,
,,,,,,,,,,,,2.1015689272,47,2.1072556472,1499,,,2.1514682072,0.274815586399999921,,
,,,,,,,,,,,,2.1072556472,47,2.1193191672,1499,,,2.1631130072,0.286460386399999932,,
,,,,,,,,,,,,2.1193191672,47,2.1310846872,1499,,,2.1719271672,0.295274546399999947,,
,,,,,,,,,,,,2.1310846872,47,2.1402050872,1499,,,2.1832284472,0.306575826399999915,,
,,,,,,,,,,,,2.1402050872,47,2.1514682072,1499,,,2.1973658072,0.320713186400000015,,
,,,,,,,,,,,,2.1514682072,47,2.1631130072,1499,,,2.2050570872,0.328404466399999981,,
,,,,,,,,,,,,2.1631130072,47,2.1719271672,1499,,,2.2159206072,0.339267986399999997,,
,,,,,,,,,,,,2.1719271672,47,2.1832284472,1499,,,2.2286661272,0.352013506399999952,,
,,,,,,,,,,,,2.1832284472,47,2.1973658072,1499,,,2.2352185272,0.358565906399999965,,
,,,,,,,,,,,,2.1973658072,47,2.2050570872,1499,,,2.2461032472,0.369450626399999925,,
,,,,,,,,,,,,2.2050570872,47,2.2159206072,1499,,,2.2564894872,0.379836866399999915,,
,,,,,,,,,,,,2.2159206072,47,2.2286661272,1499,,,2.2660797272,0.389427106399999998,,
,,,,,,,,,,,,2.2286661272,47,2.2352185272,1499,,,2.2674108472,0.390758226400000017,,
,,,,,,,,,,,,2.2352185272,47,2.2461032472,1499,,,2.2781756472,0.401523026399999925,,
,,,,,,,,,,,,2.2461032472,47,2.2564894872,1499,,,2.2887578872,0.412105266400000001,,
,,,,,,,,,,,,2.2564894872,47,2.2660797272,1499,,,2.2916822072,0.415029586399999981,,
,,,,,,,,,,,,2.2660797272,47,2.2674108472,1499,,,2.2995342872,0.42288166640000002,,
,,,,,,,,,,,,2.2674108472,47,2.2781756472,1499,,,2.3092514872,0.432598866400000002,,
,,,,,,,,,,,,2.2781756472,47,2.2887578872,1499,,,2.3102168472,0.433564226399999916,,
,,,,,,,,,,,,2.2887578872,47,2.2916822072,1499,,,2.3209113272,0.444258706399999978,,
,,,,,,,,,,,,2.2916822072,47,2.2995342872,1499,,,2.3293814872,0.452728866399999983,,
,,,,,,,,,,,,2.2995342872,47,2.3092514872,1499,,,2.3316719672,0.455019346399999965,,
,,,,,,,,,,,,2.3092514872,47,2.3102168472,1499,,,2.3411584472,0.464505826399999931,,
,,,,,,,,,,,,2.3102168472,47,2.3209113272,1499,,,2.3423636472,0.465711026399999947,,
,,,,,,,,,,,,2.3209113272,47,2.3293814872,1499,,,2.3520393272,0.475386706400000023,,
,,,,,,,,,,,,2.3293814872,47,2.3316719672,1499,,,2.3529986872,0.476346066399999988,,
,,,,,,,,,,,,2.3316719672,47,2.3411584472,1499,,,2.3635910072,0.486938386399999975,,
,,,,,,,,,,,,2.3411584472,47,2.3423636472,1499,,,2.3660451672,0.489392546399999959,,
,,,,,,,,,,,,2.3423636472,47,2.3520393272,1499,,,2.3742764472,0.497623826400000022,,
,,,,,,,,,,,,2.3520393272,47,2.3529986872,1499,,,2.3769326872,0.5002800664,,
,,,,,,,,,,,,2.3529986872,47,2.3635910072,1499,,,2.3851771672,0.508524546399999885,,
,,,,,,,,,,,,2.3635910072,47,2.3660451672,1499,,,2.3879593272,0.511306706399999864,,
,,,,,,,,,,,,2.3660451672,47,2.3742764472,1499,,,2.3956961272,0.519043506399999851,,
,,,,,,,,,,,,2.3742764472,47,2.3769326872,1499,,,2.3982508472,0.521598226399999862,,
,,,,,,,,,,,,2.3769326872,47,2.3851771672,1499,,,2.4055740472,0.528921426399999947,,
,,,,,,,,,,,,2.3851771672,47,2.3879593272,1499,,,2.4065334072,0.529880786399999911,,
,,,,,,,,,,,,2.3879593272,47,2.3956961272,1499,,,2.4156168472,0.538964226399999854,,
,,,,,,,,,,,,2.3956961272,47,2.3982508472,1499,,,2.4175633272,0.54091070640000005,,
,,,,,,,,,,,,2.3982508472,47,2.4055740472,1499,,,2.4260038872,0.54935126639999998,,
,,,,,,,,,,,,2.4055740472,47,2.4065334072,1499,,,2.4278146872,0.55116206639999987,,
,,,,,,,,,,,,2.4065334072,47,2.4156168472,1499,,,2.4364089272,0.559756306399999956,,
,,,,,,,,,,,,2.4156168472,47,2.4175633272,1499,,,2.4387054072,0.562052786400000001,,
,,,,,,,,,,,,2.4175633272,47,2.4260038872,1499,,,2.4470676472,0.570415026399999856,,
,,,,,,,,,,,,2.4260038872,47,2.4278146872,1499,,,2.4494720472,0.57281942639999994,,
,,,,,,,,,,,,2.4278146872,47,2.4364089272,1499,,,2.4578384472,0.581185826400000046,,
,,,,,,,,,,,,2.4364089272,47,2.4387054072,1499,,,2.4602428472,0.58359022639999991,,
,,,,,,,,,,,,2.4387054072,47,2.4470676472,1499,,,2.4683542072,0.59170158639999992,,
,,,,,,,,,,,,2.4470676472,47,2.4494720472,1499,,,2.4708892472,0.594236626399999853,,
,,,,,,,,,,,,2.4494720472,47,2.4578384472,1499,,,2.4790843672,0.602431746399999965,,
,,,,,,,,,,,,2.4578384472,47,2.4602428472,1499,,,2.4816226072,0.60496998639999999,,
,,,,,,,,,,,,2.4602428472,47,2.4683542072,1499,,,2.4896213272,0.612968706400000005,,
,,,,,,,,,,,,2.4683542072,47,2.4708892472,1499,,,2.4922775672,0.61562494639999987,,
,,,,,,,,,,,,2.4708892472,47,2.4790843672,1499,,,2.5004120472,0.623759426399999925,,
,,,,,,,,,,,,2.4790843672,47,2.4816226072,1499,,,2.5030060472,0.62635342639999991,,
,,,,,,,,,,,,2.4816226072,47,2.4896213272,1499,,,2.5112585272,0.634605906400000027,,
,,,,,,,,,,,,2.4896213272,47,2.4922775672,1499,,,2.5137888472,0.637136226400000003,,
,,,,,,,,,,,,2.4922775672,47,2.5004120472,1499,,,2.5220154072,0.645362786399999995,,
,,,,,,,,,,,,2.5004120472,47,2.5030060472,1499,,,2.5244378072,0.647785186399999931,,
,,,,,,,,,,,,2.5030060472,47,2.5112585272,1499,,,2.5324125272,0.655759906399999922,,
,,,,,,,,,,,,2.5112585272,47,2.5137888472,1499,,,2.5351006872,0.658448066399999861,,
,,,,,,,,,,,,2.5137888472,47,2.5220154072,1499,,,2.5429241272,0.666271506399999988,,
,,,,,,,,,,,,2.5220154072,47,2.5244378072,1499,,,2.5458857272,0.669233106399999885,,
,,,,,,,,,,,,2.5244378072,47,2.5324125272,1499,,,2.5541680472,0.67751542639999984,,
,,,,,,,,,,,,2.5324125272,47,2.5351006872,1499,,,2.5565664472,0.679913826399999975,,
,,,,,,,,,,,,2.5351006872,47,2.5429241272,1499,,,2.5647018072,0.688049186400000009,,
,,,,,,,,,,,,2.5429241272,47,2.5458857272,1499,,,2.5669922872,0.690339666399999883,,
,,,,,,,,,,,,2.5458857272,47,2.5541680472,1499,,,2.5754861272,0.698833506399999967,,
,,,,,,,,,,,,2.5541680472,47,2.5565664472,1499,,,2.5780404472,0.701387826399999966,,
,,,,,,,,,,,,2.5565664472,47,2.5647018072,1499,,,2.5862837272,0.709631106400000041,,
,,,,,,,,,,,,2.5647018072,47,2.5669922872,1499,,,2.5887001272,0.712047506400000026,,
,,,,,,,,,,,,2.5669922872,47,2.5754861272,1499,,,2.5970753272,0.720422706399999942,,
,,,,,,,,,,,,2.5754861272,47,2.5780404472,1499,,,2.5993658072,0.722713186400000037,,
,,,,,,,,,,,,2.5780404472,47,2.5862837272,1499,,,2.6079698872,0.731317266400000051,,
,,,,,,,,,,,,2.5862837272,47,2.5887001272,1499,,,2.6101404472,0.733487826399999984,,
,,,,,,,,,,,,2.5887001272,47,2.5970753272,1499,,,2.6192449272,0.742592306399999953,,
,,,,,,,,,,,,2.5970753272,47,2.5993658072,1499,,,2.6208098872,0.744157266400000013,,
,,,,,,,,,,,,2.5993658072,47,2.6079698872,1499,,,2.6303855672,0.75373294639999999,,
,,,,,,,,,,,,2.6079698872,47,2.6101404472,1499,,,2.6314648472,0.754812226399999892,,
,,,,,,,,,,,,2.6101404472,47,2.6192449272,1499,,,2.6411484472,0.764495826399999908,,
,,,,,,,,,,,,2.6192449272,47,2.6208098872,1499,,,2.6422834872,0.765630866399999995,,
,,,,,,,,,,,,2.6208098872,47,2.6303855672,1499,,,2.6529324472,0.776279826399999925,,
,,,,,,,,,,,,2.6303855672,47,2.6314648472,1499,,,2.6544074872,0.777754866400000019,,
,,,,,,,,,,,,2.6314648472,47,2.6411484472,1499,,,2.6636347672,0.786982146399999967,,
,,,,,,,,,,,,2.6411484472,47,2.6422834872,1499,,,2.6657034072,0.789050786400000033,,
,,,,,,,,,,,,2.6422834872,47,2.6529324472,1499,,,2.6742195672,0.797566946399999918,,
,,,,,,,,,,,,2.6529324472,47,2.6544074872,1499,,,2.6757845272,0.799131906399999978,,
,,,,,,,,,,,,2.6544074872,47,2.6636347672,1499,,,2.6848842872,0.80823166639999999,,
,,,,,,,,,,,,2.6636347672,47,2.6657034072,1499,,,2.6864552472,0.8098026264,,
,,,,,,,,,,,,2.6657034072,47,2.6742195672,1499,,,2.6956969272,0.819044306399999918,,
,,,,,,,,,,,,2.6742195672,47,2.6757845272,1499,,,2.6976516472,0.820999026399999995,,
,,,,,,,,,,,,2.6757845272,47,2.6848842872,1499,,,2.7063698872,0.829717266399999872,,
,,,,,,,,,,,,2.6848842872,47,2.6864552472,1499,,,2.7084325272,0.831779906399999988,,
,,,,,,,,,,,,2.6864552472,47,2.6956969272,1499,,,2.7170188472,0.840366226400000023,,
,,,,,,,,,,,,2.6956969272,47,2.6976516472,1499,,,2.7186018072,0.841949186399999935,,
,,,,,,,,,,,,2.6976516472,47,2.7063698872,1499,,,2.7267084472,0.850055826399999988,,
,,,,,,,,,,,,2.7063698872,47,2.7084325272,1499,,,2.7277997272,0.851147106400000016,,
,,,,,,,,,,,,2.7084325272,47,2.7170188472,1499,,,2.7371235672,0.860470946399999988,,
,,,,,,,,,,,,2.7170188472,47,2.7186018072,1499,,,2.7384486872,0.861796066399999945,,
,,,,,,,,,,,,2.7186018072,47,2.7267084472,1499,,,2.7470481272,0.87039550639999996,,
,,,,,,,,,,,,2.7267084472,47,2.7277997272,1499,,,2.7492186872,0.872566066399999892,,
,,,,,,,,,,,,2.7277997272,47,2.7371235672,1499,,,2.7547950072,0.878142386399999971,,
,,,,,,,,,,,,2.7371235672,47,2.7384486872,1499,,,2.7597537272,0.883101106399999831,,
,,,,,,,,,,,,2.7384486872,47,2.7470481272,1499,,,2.7640049272,0.887352306399999953,,
,,,,,,,,,,,,2.7470481272,47,2.7492186872,1499,,,2.7689576472,0.892305026399999863,,
,,,,,,,,,,,,2.7492186872,47,2.7547950072,1499,,,2.7742821272,0.897629506399999939,,
,,,,,,,,,,,,2.7547950072,47,2.7597537272,1499,,,2.7799663672,0.903313746399999836,,
,,,,,,,,,,,,2.7597537272,47,2.7640049272,1499,,,2.7851866872,0.908534066399999891,,
,,,,,,,,,,,,2.7640049272,47,2.7689576472,1499,,,2.7906310872,0.913978466399999907,,
,,,,,,,,,,,,2.7689576472,47,2.7742821272,1499,,,2.7957618072,0.919109186399999829,,
,,,,,,,,,,,,2.7742821272,47,2.7799663672,1499,,,2.8013261272,0.924673506400000008,,
,,,,,,,,,,,,2.7799663672,47,2.7851866872,1499,,,2.8064347672,0.929782146400000005,,
,,,,,,,,,,,,2.7851866872,47,2.7906310872,1499,,,2.8121070072,0.9354543864,,
,,,,,,,,,,,,2.7906310872,47,2.7957618072,1499,,,2.8171972472,0.940544626399999912,,
,,,,,,,,,,,,2.7957618072,47,2.8013261272,1499,,,2.8227615672,0.946108946399999867,,
,,,,,,,,,,,,2.8013261272,47,2.8064347672,1499,,,2.8278559672,0.951203346400000035,,
,,,,,,,,,,,,2.8064347672,47,2.8121070072,1499,,,2.8337337272,0.957081106399999988,,
,,,,,,,,,,,,2.8121070072,47,2.8171972472,1499,,,2.8385725272,0.961919906399999908,,
,,,,,,,,,,,,2.8171972472,47,2.8227615672,1499,,,2.8441273272,0.967474706399999989,,
,,,,,,,,,,,,2.8227615672,47,2.8278559672,1499,,,2.8493366072,0.972683986399999863,,
,,,,,,,,,,,,2.8278559672,47,2.8337337272,1499,,,2.9298000792,1.053147458399999787,,
,,,,,,,,,,,,2.8337337272,47,2.8385725272,1499,,,3.0101294872,0.040301354400000002,,
,,,,,,,,,,,,2.8385725272,47,2.8441273272,1499,,,3.0102494072,0.040421274399999998,,
,,,,,,,,,,,,2.8441273272,47,2.8493366072,1499,,,3.0149424472,0.045114314399999993,,
,,,,,,,,,,,,2.8493366072,47,2.9298000792,833,,,3.0192895672,0.049461434399999989,,
,,,,,,,,,,,,2.9298000792,47,3.0099979512,47,,,3.0255951672,0.055767034399999998,,
,,,,,,,,,,,,2.9298004552,247,3.0101294872,1499,,,3.0299362872,0.060108154400000002,,
,,,,,,,,,,,,3.0101294872,47,3.0102494072,1499,,,3.0365925272,0.066764394399999982,,
,,,,,,,,,,,,3.0102494072,47,3.0149424472,1499,,,3.0406938072,0.070865674399999994,,
,,,,,,,,,,,,3.0149424472,47,3.0192895672,1499,,,3.0470136472,0.077185514399999987,,
,,,,,,,,,,,,3.0192895672,47,3.0255951672,1499,,,3.0513487672,0.081520634399999985,,
,,,,,,,,,,,,3.0255951672,47,3.0299362872,1499,,,3.0577465272,0.087918394399999988,,
,,,,,,,,,,,,3.0299362872,47,3.0365925272,1499,,,3.0621122872,0.092284154399999984,,
,,,,,,,,,,,,3.0365925272,47,3.0406938072,1499,,,3.0684400472,0.0986119144,,
,,,,,,,,,,,,3.0406938072,47,3.0470136472,1499,,,3.0727798872,0.102951754399999983,,
,,,,,,,,,,,,3.0470136472,47,3.0513487672,1499,,,3.0794294872,0.109601354399999989,,
,,,,,,,,,,,,3.0513487672,47,3.0577465272,1499,,,3.0859366072,0.116108474399999993,,
,,,,,,,,,,,,3.0577465272,47,3.0621122872,1499,,,3.0974541272,0.127625994399999997,,
,,,,,,,,,,,,3.0621122872,47,3.0684400472,1499,,,3.1034981272,0.133669994399999991,,
,,,,,,,,,,,,3.0684400472,47,3.0727798872,1499,,,3.1150032472,0.14517511439999997,,
,,,,,,,,,,,,3.0727798872,47,3.0794294872,1499,,,3.1262659672,0.156437834399999974,,
,,,,,,,,,,,,3.0794294872,47,3.0859366072,1499,,,3.1376224472,0.167794314399999976,,
,,,,,,,,,,,,3.0859366072,47,3.0974541272,1499,,,3.1463621272,0.176533994400000004,,
,,,,,,,,,,,,3.0974541272,47,3.1034981272,1499,,,3.1576220472,0.187793914399999982,,
,,,,,,,,,,,,3.1034981272,47,3.1150032472,1499,,,3.1720469272,0.202218794400000011,,
,,,,,,,,,,,,3.1150032472,47,3.1262659672,1499,,,3.1838108472,0.213982714399999995,,
,,,,,,,,,,,,3.1262659672,47,3.1376224472,1499,,,3.1898728472,0.220044714400000006,,
,,,,,,,,,,,,3.1376224472,47,3.1463621272,1499,,,3.2040474872,0.234219354399999967,,
,,,,,,,,,,,,3.1463621272,47,3.1576220472,1499,,,3.2120569272,0.242228794400000002,,
,,,,,,,,,,,,3.1576220472,47,3.1720469272,1499,,,3.2230356472,0.253207514399999998,,
,,,,,,,,,,,,3.1720469272,47,3.1838108472,1499,,,3.2333546072,0.263526474399999986,,
,,,,,,,,,,,,3.1838108472,47,3.1898728472,1499,,,3.2432862072,0.273458074399999916,,
,,,,,,,,,,,,3.1898728472,47,3.2040474872,1499,,,3.2545566072,0.284728474399999929,,
,,,,,,,,,,,,3.2040474872,47,3.2120569272,1499,,,3.2677078872,0.297879754399999917,,
,,,,,,,,,,,,3.2120569272,47,3.2230356472,1499,,,3.2750590072,0.305230874399999961,,
,,,,,,,,,,,,3.2230356472,47,3.2333546072,1499,,,3.2871098072,0.31728167439999999,,
,,,,,,,,,,,,3.2333546072,47,3.2432862072,1499,,,3.2961837272,0.326355594399999947,,
,,,,,,,,,,,,3.2432862072,47,3.2545566072,1499,,,3.3070119672,0.337183834399999992,,
,,,,,,,,,,,,3.2545566072,47,3.2677078872,1499,,,3.3144909272,0.344662794400000026,,
,,,,,,,,,,,,3.2677078872,47,3.2750590072,1499,,,3.3209272472,0.351099114399999965,,
,,,,,,,,,,,,3.2750590072,47,3.2871098072,1499,,,3.3282550872,0.35842695439999994,,
,,,,,,,,,,,,3.2871098072,47,3.2961837272,1499,,,3.3399197272,0.370091594399999944,,
,,,,,,,,,,,,3.2961837272,47,3.3070119672,1499,,,3.3514741272,0.381645994400000019,,
,,,,,,,,,,,,3.3070119672,47,3.3144909272,1499,,,3.3604448472,0.390616714400000007,,
,,,,,,,,,,,,3.3144909272,47,3.3209272472,1499,,,3.3719799672,0.402151834400000017,,
,,,,,,,,,,,,3.3209272472,47,3.3282550872,1499,,,3.3736648472,0.403836714400000017,,
,,,,,,,,,,,,3.3282550872,47,3.3399197272,1499,,,3.3817856472,0.411957514399999944,,
,,,,,,,,,,,,3.3399197272,47,3.3514741272,1499,,,3.3925671672,0.422739034399999933,,
,,,,,,,,,,,,3.3514741272,47,3.3604448472,1499,,,3.3945026072,0.424674474399999944,,
,,,,,,,,,,,,3.3604448472,47,3.3719799672,1499,,,3.4032474072,0.433419274399999941,,
,,,,,,,,,,,,3.3719799672,47,3.3736648472,1499,,,3.4065877272,0.436759594400000004,,
,,,,,,,,,,,,3.3736648472,47,3.3817856472,1499,,,3.4138741272,0.444045994399999919,,
,,,,,,,,,,,,3.3817856472,47,3.3925671672,1499,,,3.4203996472,0.450571514399999981,,
,,,,,,,,,,,,3.3925671672,47,3.3945026072,1499,,,3.4245804472,0.454752314399999965,,
,,,,,,,,,,,,3.3945026072,47,3.4032474072,1499,,,3.4325141272,0.46268599440000002,,
,,,,,,,,,,,,3.4032474072,47,3.4065877272,1499,,,3.4352902872,0.465462154399999936,,
,,,,,,,,,,,,3.4065877272,47,3.4138741272,1499,,,3.4459406872,0.476112554399999996,,
,,,,,,,,,,,,3.4138741272,47,3.4203996472,1499,,,3.4471578872,0.477329754399999914,,
,,,,,,,,,,,,3.4203996472,47,3.4245804472,1499,,,3.4567554072,0.486927274399999941,,
,,,,,,,,,,,,3.4245804472,47,3.4325141272,1499,,,3.4589990072,0.489170874399999953,,
,,,,,,,,,,,,3.4325141272,47,3.4352902872,1499,,,3.4673965272,0.4975683944,,
,,,,,,,,,,,,3.4352902872,47,3.4459406872,1499,,,3.4705264472,0.500698314399999897,,
,,,,,,,,,,,,3.4459406872,47,3.4471578872,1499,,,3.4781066072,0.508278474399999955,,
,,,,,,,,,,,,3.4471578872,47,3.4567554072,1499,,,3.4841539672,0.5143258343999999,,
,,,,,,,,,,,,3.4567554072,47,3.4589990072,1499,,,3.4888146872,0.518986554399999853,,
,,,,,,,,,,,,3.4589990072,47,3.4673965272,1499,,,3.4960417272,0.526213594399999926,,
,,,,,,,,,,,,3.4673965272,47,3.4705264472,1499,,,3.4994354872,0.52960735439999995,,
,,,,,,,,,,,,3.4705264472,47,3.4781066072,1499,,,3.5072774072,0.537449274399999896,,
,,,,,,,,,,,,3.4781066072,47,3.4841539672,1499,,,3.5101614872,0.540333354399999963,,
,,,,,,,,,,,,3.4841539672,47,3.4888146872,1499,,,3.5186557272,0.548827594399999838,,
,,,,,,,,,,,,3.4888146872,47,3.4960417272,1499,,,3.5209342072,0.551106074400000031,,
,,,,,,,,,,,,3.4960417272,47,3.4994354872,1499,,,3.5294912472,0.559663114399999936,,
,,,,,,,,,,,,3.4994354872,47,3.5072774072,1499,,,3.5316498072,0.561821674399999967,,
,,,,,,,,,,,,3.5072774072,47,3.5101614872,1499,,,3.5402746872,0.570446554399999914,,
,,,,,,,,,,,,3.5101614872,47,3.5186557272,1499,,,3.5423253272,0.572497194399999906,,
,,,,,,,,,,,,3.5186557272,47,3.5209342072,1499,,,3.5510470072,0.581218874399999971,,
,,,,,,,,,,,,3.5209342072,47,3.5294912472,1499,,,3.5529657272,0.5831375943999999,,
,,,,,,,,,,,,3.5294912472,47,3.5316498072,1499,,,3.5636862872,0.59385815439999989,,
,,,,,,,,,,,,3.5316498072,47,3.5402746872,1499,,,3.5644118072,0.594583674399999926,,
,,,,,,,,,,,,3.5402746872,47,3.5423253272,1499,,,3.5745570872,0.604728954399999849,,
,,,,,,,,,,,,3.5423253272,47,3.5510470072,1499,,,3.5751794072,0.605351274400000025,,
,,,,,,,,,,,,3.5510470072,47,3.5529657272,1499,,,3.5851257272,0.615297594399999868,,
,,,,,,,,,,,,3.5529657272,47,3.5636862872,1499,,,3.5858572472,0.616029114399999853,,
,,,,,,,,,,,,3.5636862872,47,3.5644118072,1499,,,3.5958683672,0.626040234400000003,,
,,,,,,,,,,,,3.5644118072,47,3.5745570872,1499,,,3.5975062872,0.627678154399999851,,
,,,,,,,,,,,,3.5745570872,47,3.5751794072,1499,,,3.6065931672,0.636765034399999983,,
,,,,,,,,,,,,3.5751794072,47,3.5851257272,1499,,,3.6086605272,0.638832394399999833,,
,,,,,,,,,,,,3.5851257272,47,3.5858572472,1499,,,3.6172228472,0.647394714399999846,,
,,,,,,,,,,,,3.5858572472,47,3.5958683672,1499,,,3.6194407672,0.649612634399999941,,
,,,,,,,,,,,,3.5958683672,47,3.5975062872,1499,,,3.6280058072,0.658177674399999853,,
,,,,,,,,,,,,3.5975062872,47,3.6065931672,1499,,,3.6299352472,0.660107114399999914,,
,,,,,,,,,,,,3.6065931672,47,3.6086605272,1499,,,3.6367234072,0.666895274399999846,,
,,,,,,,,,,,,3.6086605272,47,3.6172228472,1499,,,3.6387860472,0.668957914399999961,,
,,,,,,,,,,,,3.6172228472,47,3.6194407672,1499,,,3.6471325272,0.677304394399999895,,
,,,,,,,,,,,,3.6194407672,47,3.6280058072,1499,,,3.6495369272,0.67970879439999998,,
,,,,,,,,,,,,3.6280058072,47,3.6299352472,1499,,,3.6573582072,0.68753007439999991,,
,,,,,,,,,,,,3.6299352472,47,3.6367234072,1499,,,3.6602156472,0.690387514400000009,,
,,,,,,,,,,,,3.6367234072,47,3.6387860472,1499,,,3.6678700472,0.698041914399999848,,
,,,,,,,,,,,,3.6387860472,47,3.6471325272,1499,,,3.6708680472,0.701039914399999905,,
,,,,,,,,,,,,3.6471325272,47,3.6495369272,1499,,,3.6785652472,0.708737114399999865,,
,,,,,,,,,,,,3.6495369272,47,3.6573582072,1499,,,3.6815632472,0.711735114399999921,,
,,,,,,,,,,,,3.6573582072,47,3.6602156472,1499,,,3.6894198872,0.719591754399999891,,
,,,,,,,,,,,,3.6602156472,47,3.6678700472,1499,,,3.6922979672,0.722469834400000008,,
,,,,,,,,,,,,3.6678700472,47,3.6708680472,1499,,,3.7003105272,0.730482394399999841,,
,,,,,,,,,,,,3.6708680472,47,3.6785652472,1499,,,3.7031081272,0.73327999439999991,,
,,,,,,,,,,,,3.6785652472,47,3.6815632472,1499,,,3.7111122072,0.741284074399999988,,
,,,,,,,,,,,,3.6815632472,47,3.6894198872,1499,,,3.7137504472,0.743922314400000003,,
,,,,,,,,,,,,3.6894198872,47,3.6922979672,1499,,,3.7216897272,0.751861594399999996,,
,,,,,,,,,,,,3.6922979672,47,3.7003105272,1499,,,3.7244706072,0.754642474399999982,,
,,,,,,,,,,,,3.7003105272,47,3.7031081272,1499,,,3.7320795672,0.76225143439999998,,
,,,,,,,,,,,,3.7031081272,47,3.7111122072,1499,,,3.7352094872,0.765381354399999876,,
,,,,,,,,,,,,3.7111122072,47,3.7137504472,1499,,,3.7417674872,0.771939354399999939,,
,,,,,,,,,,,,3.7137504472,47,3.7216897272,1499,,,3.7458867672,0.7760586344,,
,,,,,,,,,,,,3.7216897272,47,3.7244706072,1499,,,3.7518035672,0.781975434399999832,,
,,,,,,,,,,,,3.7244706072,47,3.7320795672,1499,,,3.7565164472,0.786688314399999863,,
,,,,,,,,,,,,3.7320795672,47,3.7352094872,1499,,,3.7672154872,0.797387354399999856,,
,,,,,,,,,,,,3.7352094872,47,3.7417674872,1499,,,3.7697398072,0.79991167439999988,,
,,,,,,,,,,,,3.7417674872,47,3.7458867672,1499,,,3.7778419672,0.808013834399999848,,
,,,,,,,,,,,,3.7458867672,47,3.7518035672,1499,,,3.7804146072,0.810586474399999975,,
,,,,,,,,,,,,3.7518035672,47,3.7565164472,1499,,,3.7885917272,0.818763594400000014,,
,,,,,,,,,,,,3.7565164472,47,3.7672154872,1499,,,3.7912438872,0.821415754400000026,,
,,,,,,,,,,,,3.7672154872,47,3.7697398072,1499,,,3.7993217272,0.829493594399999918,,
,,,,,,,,,,,,3.7697398072,47,3.7778419672,1499,,,3.8021026072,0.832274474399999904,,
,,,,,,,,,,,,3.7778419672,47,3.7804146072,1499,,,3.8100481272,0.840219994399999945,,
,,,,,,,,,,,,3.7804146072,47,3.7885917272,1499,,,3.8903921432,0.920564010399999906,,
,,,,,,,,,,,,3.7885917272,47,3.7912438872,1499,,,3.9705894872,0.040171074399999992,,
,,,,,,,,,,,,3.7912438872,47,3.7993217272,1499,,,3.9709492472,0.040530834399999992,,
,,,,,,,,,,,,3.7993217272,47,3.8021026072,1499,,,3.9754222872,0.04500387439999999,,
,,,,,,,,,,,,3.8021026072,47,3.8100481272,1499,,,3.9798302072,0.0494117944,,
,,,,,,,,,,,,3.8100481272,47,3.8903921432,1451,,,3.9862064472,0.055788034399999991,,
,,,,,,,,,,,,3.8903921432,47,3.9704579512,47,,,3.9905355672,0.060117154399999997,,
,,,,,,,,,,,,3.8903925192,247,3.9705894872,1499,,,3.9968301272,0.066411714399999987,,
,,,,,,,,,,,,3.9705894872,47,3.9709492472,1499,,,4.0014148472,0.070996434400000002,,
,,,,,,,,,,,,3.9709492472,47,3.9754222872,1499,,,4.0087481272,0.078329714399999999,,
,,,,,,,,,,,,3.9754222872,47,3.9798302072,1499,,,4.0119919672,0.081573554399999997,,
,,,,,,,,,,,,3.9798302072,47,3.9862064472,1499,,,4.0182818072,0.087863394399999988,,
,,,,,,,,,,,,3.9862064472,47,3.9905355672,1499,,,4.0226605272,0.092242114399999991,,
,,,,,,,,,,,,3.9905355672,47,3.9968301272,1499,,,4.0289810072,0.09856259439999998,,
,,,,,,,,,,,,3.9968301272,47,4.0014148472,1499,,,4.0333180472,0.102899634399999994,,
,,,,,,,,,,,,4.0014148472,47,4.0087481272,1499,,,4.0396198872,0.109201474399999997,,
,,,,,,,,,,,,4.0087481272,47,4.0119919672,1499,,,4.0440460472,0.113627634399999982,,
,,,,,,,,,,,,4.0119919672,47,4.0182818072,1499,,,4.0503396472,0.119921234399999992,,
,,,,,,,,,,,,4.0182818072,47,4.0226605272,1499,,,4.0547946872,0.124376274399999985,,
,,,,,,,,,,,,4.0226605272,47,4.0289810072,1499,,,4.0615316472,0.1311132344,,
,,,,,,,,,,,,4.0289810072,47,4.0333180472,1499,,,4.0655616472,0.135143234399999977,,
,,,,,,,,,,,,4.0333180472,47,4.0396198872,1499,,,4.0718474072,0.141428994400000007,,
,,,,,,,,,,,,4.0396198872,47,4.0440460472,1499,,,4.0761945272,0.145776114399999989,,
,,,,,,,,,,,,4.0440460472,47,4.0503396472,1499,,,4.0880723672,0.157653954399999961,,
,,,,,,,,,,,,4.0503396472,47,4.0547946872,1499,,,4.0984312472,0.168012834399999976,,
,,,,,,,,,,,,4.0547946872,47,4.0615316472,1499,,,4.1101454872,0.179727074399999963,,
,,,,,,,,,,,,4.0615316472,47,4.0655616472,1499,,,4.1173934072,0.186974994399999982,,
,,,,,,,,,,,,4.0655616472,47,4.0718474072,1499,,,4.1290254072,0.198606994399999957,,
,,,,,,,,,,,,4.0718474072,47,4.0761945272,1499,,,4.1404844472,0.210066034399999989,,
,,,,,,,,,,,,4.0761945272,47,4.0880723672,1499,,,4.1493802872,0.218961874399999977,,
,,,,,,,,,,,,4.0880723672,47,4.0984312472,1499,,,4.1495002072,0.219081794399999973,,
,,,,,,,,,,,,4.0984312472,47,4.1101454872,1499,,,4.1613420472,0.230923634399999965,,
,,,,,,,,,,,,4.1101454872,47,4.1173934072,1499,,,4.1713734072,0.24095499440000001,,
,,,,,,,,,,,,4.1173934072,47,4.1290254072,1499,,,4.1819983672,0.251579954400000026,,
,,,,,,,,,,,,4.1290254072,47,4.1404844472,1499,,,4.1936240472,0.263205634399999998,,
,,,,,,,,,,,,4.1404844472,47,4.1493802872,1499,,,4.2029963672,0.272577954399999987,,
,,,,,,,,,,,,4.1493802872,47,4.1495002072,1499,,,4.2147043672,0.284285954399999928,,
,,,,,,,,,,,,4.1495002072,47,4.1613420472,1499,,,4.2261290072,0.295710594400000025,,
,,,,,,,,,,,,4.1613420472,47,4.1713734072,1499,,,4.2351062872,0.304687874400000001,,
,,,,,,,,,,,,4.1713734072,47,4.1819983672,1499,,,4.2469544472,0.316536034399999997,,
,,,,,,,,,,,,4.1819983672,47,4.1936240472,1499,,,4.2556486872,0.325230274399999961,,
,,,,,,,,,,,,4.1936240472,47,4.2029963672,1499,,,4.2566200472,0.326201634399999939,,
,,,,,,,,,,,,4.2029963672,47,4.2147043672,1499,,,4.2673829272,0.336964514399999969,,
,,,,,,,,,,,,4.2147043672,47,4.2261290072,1499,,,4.2794649272,0.349046514400000005,,
,,,,,,,,,,,,4.2261290072,47,4.2351062872,1499,,,4.2885866872,0.358168274399999984,,
,,,,,,,,,,,,4.2351062872,47,4.2469544472,1499,,,4.3003844472,0.369966034399999975,,
,,,,,,,,,,,,4.2469544472,47,4.2556486872,1499,,,4.3106072472,0.380188834399999951,,
,,,,,,,,,,,,4.2556486872,47,4.2566200472,1499,,,4.3207962872,0.390377874399999933,,
,,,,,,,,,,,,4.2566200472,47,4.2673829272,1499,,,4.3319577272,0.401539314400000011,,
,,,,,,,,,,,,4.2673829272,47,4.2794649272,1499,,,4.3325633272,0.402144914399999995,,
,,,,,,,,,,,,4.2794649272,47,4.2885866872,1499,,,4.3425946872,0.412176274399999929,,
,,,,,,,,,,,,4.2885866872,47,4.3003844472,1499,,,4.3528538872,0.422435474399999953,,
,,,,,,,,,,,,4.3003844472,47,4.3106072472,1499,,,4.3639705272,0.433552114399999964,,
,,,,,,,,,,,,4.3106072472,47,4.3207962872,1499,,,4.3737560472,0.443337634399999956,,
,,,,,,,,,,,,4.3207962872,47,4.3319577272,1499,,,4.3742357272,0.443817314399999938,,
,,,,,,,,,,,,4.3319577272,47,4.3325633272,1499,,,4.3850106072,0.454592194399999981,,
,,,,,,,,,,,,4.3325633272,47,4.3425946872,1499,,,4.3921854072,0.461766994400000017,,
,,,,,,,,,,,,4.3425946872,47,4.3528538872,1499,,,4.3956870872,0.465268674399999967,,
,,,,,,,,,,,,4.3528538872,47,4.3639705272,1499,,,4.4064340472,0.476015634399999941,,
,,,,,,,,,,,,4.3639705272,47,4.3737560472,1499,,,4.4066738872,0.476255474399999932,,
,,,,,,,,,,,,4.3737560472,47,4.3742357272,1499,,,4.4171609272,0.486742514399999935,,
,,,,,,,,,,,,4.3742357272,47,4.3850106072,1499,,,4.4175326872,0.487114274399999989,,
,,,,,,,,,,,,4.3850106072,47,4.3921854072,1499,,,4.4278324472,0.497414034399999981,,
,,,,,,,,,,,,4.3921854072,47,4.3956870872,1499,,,4.4291515672,0.498733154399999988,,
,,,,,,,,,,,,4.3956870872,47,4.4064340472,1499,,,4.4385278072,0.508109394399999911,,
,,,,,,,,,,,,4.4064340472,47,4.4066738872,1499,,,4.4431306872,0.512712274399999887,,
,,,,,,,,,,,,4.4066738872,47,4.4171609272,1499,,,4.4491909272,0.518772514399999937,,
,,,,,,,,,,,,4.4171609272,47,4.4175326872,1499,,,4.4544651672,0.524046754400000035,,
,,,,,,,,,,,,4.4175326872,47,4.4278324472,1499,,,4.4599215672,0.529503154399999951,,
,,,,,,,,,,,,4.4278324472,47,4.4291515672,1499,,,4.4653194872,0.534901074400000007,,
,,,,,,,,,,,,4.4291515672,47,4.4385278072,1499,,,4.4706714072,0.54025299439999985,,
,,,,,,,,,,,,4.4385278072,47,4.4431306872,1499,,,4.4762663672,0.545847954399999887,,
,,,,,,,,,,,,4.4431306872,47,4.4491909272,1499,,,4.4813390072,0.550920594399999961,,
,,,,,,,,,,,,4.4491909272,47,4.4544651672,1499,,,4.4867463672,0.556327954399999933,,
,,,,,,,,,,,,4.4544651672,47,4.4599215672,1499,,,4.4921106872,0.56169227439999991,,
,,,,,,,,,,,,4.4599215672,47,4.4653194872,1499,,,4.4969602072,0.566541794399999963,,
,,,,,,,,,,,,4.4653194872,47,4.4706714072,1499,,,4.5027583672,0.572339954399999847,,
,,,,,,,,,,,,4.4706714072,47,4.4762663672,1499,,,4.5077230872,0.577304674399999882,,
,,,,,,,,,,,,4.4762663672,47,4.4813390072,1499,,,4.5134912472,0.583072834400000014,,
,,,,,,,,,,,,4.4813390072,47,4.4867463672,1499,,,4.5187078072,0.588289394400000051,,
,,,,,,,,,,,,4.4867463672,47,4.4921106872,1499,,,4.5241329272,0.593714514400000001,,
,,,,,,,,,,,,4.4921106872,47,4.4969602072,1499,,,4.5269390872,0.596520674400000003,,
,,,,,,,,,,,,4.4969602072,47,4.5027583672,1499,,,4.5348718072,0.604453394399999896,,
,,,,,,,,,,,,4.5027583672,47,4.5077230872,1499,,,4.5353634872,0.604945074400000001,,
,,,,,,,,,,,,4.5077230872,47,4.5134912472,1499,,,4.5446633272,0.61424491439999995,,
,,,,,,,,,,,,4.5134912472,47,4.5187078072,1499,,,4.5455374872,0.615119074399999908,,
,,,,,,,,,,,,4.5187078072,47,4.5241329272,1499,,,4.5548723672,0.624453954399999842,,
,,,,,,,,,,,,4.5241329272,47,4.5269390872,1499,,,4.5563294072,0.625910994399999861,,
,,,,,,,,,,,,4.5269390872,47,4.5348718072,1499,,,4.5634526872,0.633034274399999928,,
,,,,,,,,,,,,4.5348718072,47,4.5353634872,1499,,,4.5669998072,0.636581394399999831,,
,,,,,,,,,,,,4.5353634872,47,4.5446633272,1499,,,4.5730078072,0.642589394399999844,,
,,,,,,,,,,,,4.5446633272,47,4.5455374872,1499,,,4.5777541272,0.647335714400000036,,
,,,,,,,,,,,,4.5455374872,47,4.5548723672,1499,,,4.5884218872,0.65800347439999984,,
,,,,,,,,,,,,4.5548723672,47,4.5563294072,1499,,,4.5890214872,0.658603074399999985,,
,,,,,,,,,,,,4.5563294072,47,4.5634526872,1499,,,4.5991607672,0.668742354399999959,,
,,,,,,,,,,,,4.5634526872,47,4.5669998072,1499,,,4.6003659672,0.669947554399999975,,
,,,,,,,,,,,,4.5669998072,47,4.5730078072,1499,,,4.6097904472,0.679372034400000043,,
,,,,,,,,,,,,4.5730078072,47,4.5777541272,1499,,,4.6111095672,0.68069115440000005,,
,,,,,,,,,,,,4.5777541272,47,4.5884218872,1499,,,4.6205293272,0.690110914399999938,,
,,,,,,,,,,,,4.5884218872,47,4.5890214872,1499,,,4.6218544472,0.691436034399999896,,
,,,,,,,,,,,,4.5890214872,47,4.5991607672,1499,,,4.6312729272,0.700854514400000014,,
,,,,,,,,,,,,4.5991607672,47,4.6003659672,1499,,,4.6316326872,0.701214274399999835,,
,,,,,,,,,,,,4.6003659672,47,4.6097904472,1499,,,4.6420430072,0.711624594399999918,,
,,,,,,,,,,,,4.6097904472,47,4.6111095672,1499,,,4.6428884472,0.712470034399999893,,
,,,,,,,,,,,,4.6111095672,47,4.6205293272,1499,,,4.6526788472,0.72226043439999987,,
,,,,,,,,,,,,4.6205293272,47,4.6218544472,1499,,,4.6531585272,0.722740114399999853,,
,,,,,,,,,,,,4.6218544472,47,4.6312729272,1499,,,4.6594884472,0.729070034399999841,,
,,,,,,,,,,,,4.6312729272,47,4.6316326872,1499,,,4.6633438872,0.732925474399999995,,
,,,,,,,,,,,,4.6316326872,47,4.6420430072,1499,,,4.6690258872,0.73860747439999996,,
,,,,,,,,,,,,4.6420430072,47,4.6428884472,1499,,,4.6740925272,0.743674114399999859,,
,,,,,,,,,,,,4.6428884472,47,4.6526788472,1499,,,4.6847301272,0.754311714399999996,,
,,,,,,,,,,,,4.6526788472,47,4.6531585272,1499,,,4.6853477272,0.754929314399999992,,
,,,,,,,,,,,,4.6531585272,47,4.6594884472,1499,,,4.6954810072,0.765062594400000014,,
,,,,,,,,,,,,4.6594884472,47,4.6633438872,1499,,,4.6960866072,0.765668194399999888,,
,,,,,,,,,,,,4.6633438872,47,4.6690258872,1499,,,4.7056674872,0.775249074400000012,,
,,,,,,,,,,,,4.6690258872,47,4.6740925272,1499,,,4.7061531672,0.775734754399999945,,
,,,,,,,,,,,,4.6740925272,47,4.6847301272,1499,,,4.7121731672,0.781754754399999859,,
,,,,,,,,,,,,4.6847301272,47,4.6853477272,1499,,,4.7169038072,0.786485394399999867,,
,,,,,,,,,,,,4.6853477272,47,4.6954810072,1499,,,4.7237752472,0.79335683439999993,,
,,,,,,,,,,,,4.6954810072,47,4.6960866072,1499,,,4.7275534072,0.797134994399999904,,
,,,,,,,,,,,,4.6960866072,47,4.7056674872,1499,,,4.7357950872,0.805376674399999933,,
,,,,,,,,,,,,4.7056674872,47,4.7061531672,1499,,,4.7383468472,0.807928434399999945,,
,,,,,,,,,,,,4.7061531672,47,4.7121731672,1499,,,4.7436533272,0.813234914399999948,,
,,,,,,,,,,,,4.7121731672,47,4.7169038072,1499,,,4.7490857272,0.818667314399999841,,
,,,,,,,,,,,,4.7169038072,47,4.7237752472,1499,,,4.7557847672,0.825366354399999832,,
,,,,,,,,,,,,4.7237752472,47,4.7275534072,1499,,,4.7597768472,0.829358434400000008,,
,,,,,,,,,,,,4.7275534072,47,4.7357950872,1499,,,4.7662080472,0.835789634399999978,,
,,,,,,,,,,,,4.7357950872,47,4.7383468472,1499,,,4.7704339672,0.840015554399999861,,
,,,,,,,,,,,,4.7383468472,47,4.7436533272,1499,,,4.7753806872,0.844962274400000041,,
,,,,,,,,,,,,4.7436533272,47,4.7490857272,1499,,,4.7811766072,0.850758194399999997,,
,,,,,,,,,,,,4.7490857272,47,4.7557847672,1499,,,4.7918230072,0.861404594399999941,,
,,,,,,,,,,,,4.7557847672,47,4.7597768472,1499,,,4.7973005272,0.866882114399999844,,
,,,,,,,,,,,,4.7597768472,47,4.7662080472,1499,,,4.8026070072,0.872188594399999846,,
,,,,,,,,,,,,4.7662080472,47,4.7704339672,1499,,,4.8078302072,0.877411794399999941,,
,,,,,,,,,,,,4.7704339672,47,4.7753806872,1499,,,4.8132506072,0.882832194399999932,,
,,,,,,,,,,,,4.7753806872,47,4.7811766072,1499,,,4.8186430072,0.888224594400000008,,
,,,,,,,,,,,,4.7811766072,47,4.7918230072,1499,,,4.8239314872,0.893513074399999936,,
,,,,,,,,,,,,4.7918230072,47,4.7973005272,1499,,,4.8294898072,0.899071394399999941,,
,,,,,,,,,,,,4.7973005272,47,4.8026070072,1499,,,4.8346801272,0.904261714400000023,,
,,,,,,,,,,,,4.8026070072,47,4.8078302072,1499,,,4.8405496472,0.910131234399999873,,
,,,,,,,,,,,,4.8078302072,47,4.8132506072,1499,,,4.8453510072,0.91493259439999996,,
,,,,,,,,,,,,4.8132506072,47,4.8186430072,1499,,,4.8519933272,0.921574914399999829,,
,,,,,,,,,,,,4.8186430072,47,4.8239314872,1499,,,4.8561046872,0.925686274399999837,,
,,,,,,,,,,,,4.8239314872,47,4.8294898072,1499,,,4.8629701272,0.932551714399999948,,
,,,,,,,,,,,,4.8294898072,47,4.8346801272,1499,,,4.8667454872,0.936327074399999844,,
,,,,,,,,,,,,4.8346801272,47,4.8405496472,1499,,,4.8770387672,0.946620354400000026,,
,,,,,,,,,,,,4.8405496472,47,4.8453510072,1499,,,4.9574266312,1.027008218399999779,,
,,,,,,,,,,,,4.8453510072,47,4.8519933272,1499,,,,,,
,,,,,,,,,,,,4.8519933272,47,4.8561046872,1499,,,,,,
,,,,,,,,,,,,4.8561046872,47,4.8629701272,1499,,,,,,
,,,,,,,,,,,,4.8629701272,47,4.8667454872,1499,,,,,,
,,,,,,,,,,,,4.8667454872,47,4.8770387672,1499,,,,,,
,,,,,,,,,,,,4.8770387672,47,4.9574266312,1382,,,,,,
,,,,,,,,,,,,4.9574266312,47,,,,,,,,
,,,,,,,,,,,,4.9574270072,247,,,,,,,,
