numActiveSessions:vector baselineTestQoS.hostFDO[8].app[0] (#0 - testingConfigurator5slices-0-20240322-15:59:30-33125),,txPk:vector(packetBytes) baselineTestQoS.hostFDO[8].ppp[0].ppp (#0 - testingConfigurator5slices-0-20240322-15:59:30-33125),,rxPkOk:vector(packetBytes) baselineTestQoS.hostFDO[8].ppp[0].ppp (#0 - testingConfigurator5slices-0-20240322-15:59:30-33125),,packetSent:vector(packetBytes) baselineTestQoS.hostFDO[8].app[0] (#0 - testingConfigurator5slices-0-20240322-15:59:30-33125),,rtt:vector baselineTestQoS.hostFDO[8].tcp.conn-632 (#0 - testingConfigurator5slices-0-20240322-15:59:30-33125),,packetReceived:vector(packetBytes) baselineTestQoS.hostFDO[8].app[0] (#0 - testingConfigurator5slices-0-20240322-15:59:30-33125),,endToEndDelay:vector baselineTestQoS.hostFDO[8].app[0] (#0 - testingConfigurator5slices-0-20240322-15:59:30-33125),
0,0,0.871778260421,51,0.951892124794,51,0.951892124794,800,1.032095967994,0.080203843199999985,1.032227503994,1452,1.032227503994,0.0402558296
0.871778260421,1,0.951892124794,47,1.032095967994,47,,,,,1.1124599624,1452,1.1124599624,0.120488288006000004
1.032227503994,0,0.951892500794,847,1.032227503994,1499,,,,,1.1126998024,1452,1.1126998024,0.120728128005999995
,,1.032227503994,47,1.1124599624,1499,,,,,1.1928217272,1452,1.1928217272,0.200850052805999989
,,1.032227879994,47,1.1126998024,1499,,,,,1.1929416472,1452,1.1929416472,0.200969972805999984
,,1.1124599624,47,1.1159387464,47,,,,,1.1968008472,1452,1.1968008472,0.204829172805999991
,,1.1126998024,47,1.1928217272,1499,,,,,1.1975383672,1452,1.1975383672,0.205566692805999983
,,1.1928217272,47,1.1929416472,1499,,,,,1.2731650072,1452,1.2731650072,0.281193332806000005
,,1.1929416472,47,1.1968008472,1499,,,,,1.2732849272,1452,1.2732849272,0.281313252805999945
,,1.1968008472,47,1.1975383672,1499,,,,,1.2752156472,1452,1.2752156472,0.283243972805999998
,,1.1975383672,47,1.2731650072,1499,,,,,1.2776380472,1452,1.2776380472,0.285666372805999934
,,1.2731650072,47,1.2732849272,1499,,,,,1.2824562072,1452,1.2824562072,0.29048453280599995
,,1.2732849272,47,1.2752156472,1499,,,,,1.2835594872,1452,1.2835594872,0.291587812805999989
,,1.2752156472,47,1.2776380472,1499,,,,,1.2875635672,1452,1.2875635672,0.295591892805999955
,,1.2776380472,47,1.2824562072,1499,,,,,1.2929946872,1452,1.2929946872,0.301023012805999966
,,1.2824562072,47,1.2835594872,1499,,,,,1.3535141272,1452,1.3535141272,0.361542452805999945
,,1.2835594872,47,1.2875635672,1499,,,,,1.3540058072,1452,1.3540058072,0.36203413280599994
,,1.2875635672,47,1.2929946872,1499,,,,,1.3562902872,1452,1.3562902872,0.364318612805999972
,,1.2929946872,47,1.3535141272,1499,,,,,1.3579871672,1452,1.3579871672,0.366015492805999985
,,1.3535141272,47,1.3540058072,1499,,,,,1.3629359672,1452,1.3629359672,0.37096429280599996
,,1.3540058072,47,1.3562902872,1499,,,,,1.3679480472,1452,1.3679480472,0.375976372805999934
,,1.3562902872,47,1.3579871672,1499,,,,,1.3685476472,1452,1.3685476472,0.376575972805999968
,,1.3579871672,47,1.3629359672,1499,,,,,1.3732532472,1452,1.3732532472,0.381281572805999945
,,1.3629359672,47,1.3679480472,1499,,,,,1.3786856472,1452,1.3786856472,0.386713972805999948
,,1.3679480472,47,1.3685476472,1499,,,,,1.3801366872,1452,1.3801366872,0.388165012806000018
,,1.3685476472,47,1.3732532472,1499,,,,,1.3840041272,1452,1.3840041272,0.392032452805999963
,,1.3732532472,47,1.3786856472,1499,,,,,1.3894425272,1452,1.3894425272,0.397470852805999917
,,1.3786856472,47,1.3801366872,1499,,,,,1.3916070872,1452,1.3916070872,0.39963541280600001
,,1.3801366872,47,1.3840041272,1499,,,,,1.3946477272,1452,1.3946477272,0.402676052805999937
,,1.3840041272,47,1.3894425272,1499,,,,,1.4000741272,1452,1.4000741272,0.408102452805999992
,,1.3894425272,47,1.3916070872,1499,,,,,1.4009255672,1452,1.4009255672,0.408953892805999916
,,1.3916070872,47,1.3946477272,1499,,,,,1.4338263672,1452,1.4338263672,0.44185469280599998
,,1.3946477272,47,1.4000741272,1499,,,,,1.4343060472,1452,1.4343060472,0.442334372805999962
,,1.4000741272,47,1.4009255672,1499,,,,,1.4375618872,1452,1.4375618872,0.445590212805999972
,,1.4009255672,47,1.4338263672,1499,,,,,1.4429005272,1452,1.4429005272,0.450928852805999922
,,1.4338263672,47,1.4343060472,1499,,,,,1.4482738872,1452,1.4482738872,0.456302212805999916
,,1.4343060472,47,1.4375618872,1499,,,,,1.4515376472,1452,1.4515376472,0.459565972805999976
,,1.4375618872,47,1.4429005272,1499,,,,,1.4535792472,1452,1.4535792472,0.461607572805999953
,,1.4429005272,47,1.4482738872,1499,,,,,1.4590056472,1452,1.4590056472,0.467033972806000006
,,1.4482738872,47,1.4515376472,1499,,,,,1.4642514872,1452,1.4642514872,0.472279812805999953
,,1.4515376472,47,1.4535792472,1499,,,,,1.4665479672,1452,1.4665479672,0.474576292805999998
,,1.4535792472,47,1.4590056472,1499,,,,,1.4695866872,1452,1.4695866872,0.477615012805999937
,,1.4590056472,47,1.4642514872,1499,,,,,1.4748875672,1452,1.4748875672,0.482915892806
,,1.4642514872,47,1.4665479672,1499,,,,,1.4787657272,1452,1.4787657272,0.486794052805999963
,,1.4665479672,47,1.4695866872,1499,,,,,1.4803306872,1452,1.4803306872,0.488359012806000023
,,1.4695866872,47,1.4748875672,1499,,,,,1.4856551672,1452,1.4856551672,0.493683492805999988
,,1.4748875672,47,1.4787657272,1499,,,,,1.4910815672,1452,1.4910815672,0.499109892805999931
,,1.4787657272,47,1.4803306872,1499,,,,,1.4940975672,1452,1.4940975672,0.50212589280599995
,,1.4803306872,47,1.4856551672,1499,,,,,1.4963820472,1452,1.4963820472,0.504410372805999871
,,1.4856551672,47,1.4910815672,1499,,,,,1.5017159672,1452,1.5017159672,0.509744292805999864
,,1.4910815672,47,1.4940975672,1499,,,,,1.5052463672,1452,1.5052463672,0.513274692805999908
,,1.4940975672,47,1.4963820472,1499,,,,,1.5070650872,1452,1.5070650872,0.515093412805999847
,,1.4963820472,47,1.5017159672,1499,,,,,1.5124962072,1452,1.5124962072,0.52052453280599997
,,1.5017159672,47,1.5052463672,1499,,,,,1.5163576472,1452,1.5163576472,0.524385972805999853
,,1.5052463672,47,1.5070650872,1499,,,,,1.5178086872,1452,1.5178086872,0.525837012805999923
,,1.5070650872,47,1.5124962072,1499,,,,,1.5231303672,1452,1.5231303672,0.531158692805999919
,,1.5124962072,47,1.5163576472,1499,,,,,1.5275862872,1452,1.5275862872,0.535614612805999976
,,1.5163576472,47,1.5178086872,1499,,,,,1.5285623672,1452,1.5285623672,0.536590692806000023
,,1.5178086872,47,1.5231303672,1499,,,,,1.5338833272,1452,1.5338833272,0.541911652805999953
,,1.5231303672,47,1.5275862872,1499,,,,,1.5391898072,1452,1.5391898072,0.547218132805999955
,,1.5275862872,47,1.5285623672,1499,,,,,1.5394296472,1452,1.5394296472,0.547457972805999835
,,1.5285623672,47,1.5338833272,1499,,,,,1.5446336472,1452,1.5446336472,0.552661972806000043
,,1.5338833272,47,1.5391898072,1499,,,,,1.5499628472,1452,1.5499628472,0.557991172805999855
,,1.5391898072,47,1.5394296472,1499,,,,,1.5552757272,1452,1.5552757272,0.563304052806000042
,,1.5394296472,47,1.5446336472,1499,,,,,1.5581778072,1452,1.5581778072,0.566206132805999959
,,1.5446336472,47,1.5499628472,1499,,,,,1.5606049272,1452,1.5606049272,0.568633252805999853
,,1.5499628472,47,1.5552757272,1499,,,,,1.5660493272,1452,1.5660493272,0.574077652805999868
,,1.5552757272,47,1.5581778072,1499,,,,,1.5712358872,1452,1.5712358872,0.579264212805999931
,,1.5581778072,47,1.5606049272,1499,,,,,1.5717155672,1452,1.5717155672,0.579743892805999913
,,1.5606049272,47,1.5660493272,1499,,,,,1.5767034072,1452,1.5767034072,0.58473173280599999
,,1.5660493272,47,1.5712358872,1499,,,,,1.5820358072,1452,1.5820358072,0.590064132805999894
,,1.5712358872,47,1.5717155672,1499,,,,,1.5856742872,1452,1.5856742872,0.593702612805999894
,,1.5717155672,47,1.5767034072,1499,,,,,1.5873698872,1452,1.5873698872,0.595398212806000023
,,1.5767034072,47,1.5820358072,1499,,,,,1.5928117272,1452,1.5928117272,0.600840052805999833
,,1.5820358072,47,1.5856742872,1499,,,,,1.5982501272,1452,1.5982501272,0.606278452805999898
,,1.5856742872,47,1.5873698872,1499,,,,,1.6018995672,1452,1.6018995672,0.609927892805999902
,,1.5873698872,47,1.5928117272,1499,,,,,1.6034825272,1452,1.6034825272,0.611510852806000035
,,1.5928117272,47,1.5982501272,1499,,,,,1.6087200472,1452,1.6087200472,0.61674837280599992
,,1.5982501272,47,1.6018995672,1499,,,,,1.6141603672,1452,1.6141603672,0.622188692805999863
,,1.6018995672,47,1.6034825272,1499,,,,,1.6164448472,1452,1.6164448472,0.624473172806000008
,,1.6034825272,47,1.6087200472,1499,,,,,1.6195867672,1452,1.6195867672,0.627615092806000028
,,1.6087200472,47,1.6141603672,1499,,,,,1.6247998072,1452,1.6247998072,0.632828132805999918
,,1.6141603672,47,1.6164448472,1499,,,,,1.6301262072,1452,1.6301262072,0.638154532805999871
,,1.6164448472,47,1.6195867672,1499,,,,,1.6337593272,1452,1.6337593272,0.641787652806000028
,,1.6195867672,47,1.6247998072,1499,,,,,1.6355688472,1452,1.6355688472,0.643597172805999926
,,1.6247998072,47,1.6301262072,1499,,,,,1.6410318872,1452,1.6410318872,0.6490602128059999
,,1.6301262072,47,1.6337593272,1499,,,,,1.6463503672,1452,1.6463503672,0.654378692806000025
,,1.6337593272,47,1.6355688472,1499,,,,,1.6478074072,1452,1.6478074072,0.655835732806000046
,,1.6355688472,47,1.6410318872,1499,,,,,1.6516615672,1452,1.6516615672,0.659689892805999987
,,1.6410318872,47,1.6463503672,1499,,,,,1.6569917272,1452,1.6569917272,0.665020052805999958
,,1.6463503672,47,1.6478074072,1499,,,,,1.6600184472,1452,1.6600184472,0.668046772805999998
,,1.6478074072,47,1.6516615672,1499,,,,,1.6624288472,1452,1.6624288472,0.670457172806000031
,,1.6516615672,47,1.6569917272,1499,,,,,1.6676650072,1452,1.6676650072,0.675693332805999965
,,1.6569917272,47,1.6600184472,1499,,,,,1.6720247672,1452,1.6720247672,0.680053092806000011
,,1.6600184472,47,1.6624288472,1499,,,,,1.6731160472,1452,1.6731160472,0.681144372806000039
,,1.6624288472,47,1.6676650072,1499,,,,,1.6784285272,1452,1.6784285272,0.686456852805999992
,,1.6676650072,47,1.6720247672,1499,,,,,1.6837716472,1452,1.6837716472,0.691799972806000026
,,1.6720247672,47,1.6731160472,1499,,,,,1.6852612472,1452,1.6852612472,0.693289572806000006
,,1.6731160472,47,1.6784285272,1499,,,,,1.6890251672,1452,1.6890251672,0.697053492805999926
,,1.6784285272,47,1.6837716472,1499,,,,,1.6944774872,1452,1.6944774872,0.702505812805999993
,,1.6837716472,47,1.6852612472,1499,,,,,1.6979731672,1452,1.6979731672,0.706001492805999883
,,1.6852612472,47,1.6890251672,1499,,,,,1.6999038872,1452,1.6999038872,0.707932212805999936
,,1.6890251672,47,1.6944774872,1499,,,,,1.7052422872,1452,1.7052422872,0.713270612806000012
,,1.6944774872,47,1.6979731672,1499,,,,,1.7092176472,1452,1.7092176472,0.717245972805999885
,,1.6979731672,47,1.6999038872,1499,,,,,1.7104335672,1452,1.7104335672,0.718461892806000031
,,1.6999038872,47,1.7052422872,1499,,,,,1.7159212472,1452,1.7159212472,0.723949572805999915
,,1.7052422872,47,1.7092176472,1499,,,,,1.7212250872,1452,1.7212250872,0.729253412805999976
,,1.7092176472,47,1.7104335672,1499,,,,,1.7218246872,1452,1.7218246872,0.729853012805999898
,,1.7104335672,47,1.7159212472,1499,,,,,1.7266424472,1452,1.7266424472,0.734670772806000013
,,1.7159212472,47,1.7212250872,1499,,,,,1.7319541272,1452,1.7319541272,0.739982452805999941
,,1.7212250872,47,1.7218246872,1499,,,,,1.7343765272,1452,1.7343765272,0.742404852805999878
,,1.7218246872,47,1.7266424472,1499,,,,,1.7372833272,1452,1.7372833272,0.745311652805999976
,,1.7266424472,47,1.7319541272,1499,,,,,1.7427176472,1452,1.7427176472,0.75074597280599997
,,1.7319541272,47,1.7343765272,1499,,,,,1.7455225272,1452,1.7455225272,0.753550852805999978
,,1.7343765272,47,1.7372833272,1499,,,,,1.7480787672,1452,1.7480787672,0.756107092805999856
,,1.7372833272,47,1.7427176472,1499,,,,,1.7532899672,1452,1.7532899672,0.761318292806000048
,,1.7427176472,47,1.7455225272,1499,,,,,1.7566717272,1452,1.7566717272,0.764700052805999948
,,1.7455225272,47,1.7480787672,1499,,,,,1.7587223672,1452,1.7587223672,0.766750692805999941
,,1.7480787672,47,1.7532899672,1499,,,,,1.7639814072,1452,1.7639814072,0.772009732806000045
,,1.7532899672,47,1.7566717272,1499,,,,,1.7671998072,1452,1.7671998072,0.775228132806
,,1.7566717272,47,1.7587223672,1499,,,,,1.7693810872,1452,1.7693810872,0.777409412805999841
,,1.7587223672,47,1.7639814072,1499,,,,,1.7748469272,1452,1.7748469272,0.782875252805999895
,,1.7639814072,47,1.7671998072,1499,,,,,1.7771434072,1452,1.7771434072,0.785171732805999941
,,1.7671998072,47,1.7693810872,1499,,,,,1.7800334872,1452,1.7800334872,0.788061812805999957
,,1.7693810872,47,1.7748469272,1499,,,,,1.7854886072,1452,1.7854886072,0.793516932805999883
,,1.7748469272,47,1.7771434072,1499,,,,,1.7860882072,1452,1.7860882072,0.794116532806000026
,,1.7771434072,47,1.7800334872,1499,,,,,1.7908150072,1452,1.7908150072,0.798843332805999836
,,1.7800334872,47,1.7854886072,1499,,,,,1.7962293272,1452,1.7962293272,0.804257652805999918
,,1.7854886072,47,1.7860882072,1499,,,,,1.7964691672,1452,1.7964691672,0.804497492806000022
,,1.7860882072,47,1.7908150072,1499,,,,,1.8015878872,1452,1.8015878872,0.809616212806000043
,,1.7908150072,47,1.7962293272,1499,,,,,1.8069101272,1452,1.8069101272,0.814938452805999965
,,1.7962293272,47,1.7964691672,1499,,,,,1.8094524472,1452,1.8094524472,0.817480772805999841
,,1.7964691672,47,1.8015878872,1499,,,,,1.8121418072,1452,1.8121418072,0.820170132806000037
,,1.8015878872,47,1.8069101272,1499,,,,,1.8177020472,1452,1.8177020472,0.82573037280599992
,,1.8069101272,47,1.8094524472,1499,,,,,1.8230224472,1452,1.8230224472,0.831050772805999922
,,1.8094524472,47,1.8121418072,1499,,,,,1.8236400472,1452,1.8236400472,0.83166837280599992
,,1.8121418072,47,1.8177020472,1499,,,,,1.8282934872,1452,1.8282934872,0.836321812805999926
,,1.8177020472,47,1.8230224472,1499,,,,,1.8336366072,1452,1.8336366072,0.841664932805999963
,,1.8230224472,47,1.8236400472,1499,,,,,1.8368734872,1452,1.8368734872,0.84490181280599996
,,1.8236400472,47,1.8282934872,1499,,,,,1.8390500472,1452,1.8390500472,0.847078372805999841
,,1.8282934872,47,1.8336366072,1499,,,,,1.8444322072,1452,1.8444322072,0.852460532805999978
,,1.8336366072,47,1.8368734872,1499,,,,,1.8474794072,1452,1.8474794072,0.855507732805999894
,,1.8368734872,47,1.8390500472,1499,,,,,1.8497945272,1452,1.8497945272,0.857822852805999898
,,1.8390500472,47,1.8444322072,1499,,,,,1.8550535672,1452,1.8550535672,0.863081892806000003
,,1.8444322072,47,1.8474794072,1499,,,,,1.8580695672,1452,1.8580695672,0.866097892805999911
,,1.8474794072,47,1.8497945272,1499,,,,,1.8604799672,1452,1.8604799672,0.868508292805999945
,,1.8497945272,47,1.8550535672,1499,,,,,1.8659322872,1452,1.8659322872,0.873960612806000011
,,1.8550535672,47,1.8580695672,1499,,,,,1.8664119672,1452,1.8664119672,0.874440292805999993
,,1.8580695672,47,1.8604799672,1499,,,,,1.8711526872,1452,1.8711526872,0.879181012806000023
,,1.8604799672,47,1.8659322872,1499,,,,,1.8766204472,1452,1.8766204472,0.884648772805999957
,,1.8659322872,47,1.8664119672,1499,,,,,1.8769922072,1452,1.8769922072,0.8850205328059999
,,1.8664119672,47,1.8711526872,1499,,,,,1.8818483672,1452,1.8818483672,0.889876692806000009
,,1.8711526872,47,1.8766204472,1499,,,,,1.8872927672,1452,1.8872927672,0.895321092806000026
,,1.8766204472,47,1.8769922072,1499,,,,,1.8875386072,1452,1.8875386072,0.895566932805999856
,,1.8769922072,47,1.8818483672,1499,,,,,1.8924449272,1452,1.8924449272,0.900473252805999988
,,1.8818483672,47,1.8872927672,1499,,,,,1.8970476472,1452,1.8970476472,0.905075972806000046
,,1.8872927672,47,1.8875386072,1499,,,,,1.8978870872,1452,1.8978870872,0.90591541280599985
,,1.8875386072,47,1.8924449272,1499,,,,,1.9032954872,1452,1.9032954872,0.911323812805999939
,,1.8924449272,47,1.8970476472,1499,,,,,1.9086974072,1452,1.9086974072,0.916725732805999888
,,1.8970476472,47,1.8978870872,1499,,,,,1.9092192472,1452,1.9092192472,0.917247572805999885
,,1.8978870872,47,1.9032954872,1499,,,,,1.9139659672,1452,1.9139659672,0.921994292805999866
,,1.9032954872,47,1.9086974072,1499,,,,,1.9193901272,1452,1.9193901272,0.927418452805999878
,,1.9086974072,47,1.9092192472,1499,,,,,1.9198698072,1452,1.9198698072,0.92789813280599986
,,1.9092192472,47,1.9139659672,1499,,,,,1.9247193272,1452,1.9247193272,0.932747652805999911
,,1.9139659672,47,1.9193901272,1499,,,,,1.9300360472,1452,1.9300360472,0.938064372805999853
,,1.9193901272,47,1.9198698072,1499,,,,,1.9305217272,1452,1.9305217272,0.938550052806000008
,,1.9198698072,47,1.9247193272,1499,,,,,1.9353731672,1452,1.9353731672,0.943401492805999935
,,1.9247193272,47,1.9300360472,1499,,,,,1.9408055672,1452,1.9408055672,0.948833892805999829
,,1.9300360472,47,1.9305217272,1499,,,,,1.9410454072,1452,1.9410454072,0.949073732805999931
,,1.9305217272,47,1.9353731672,1499,,,,,1.9461319672,1452,1.9461319672,0.954160292806000007
,,1.9353731672,47,1.9408055672,1499,,,,,1.9499934072,1452,1.9499934072,0.958021732805999888
,,1.9408055672,47,1.9410454072,1499,,,,,1.9514630872,1452,1.9514630872,0.959491412805999918
,,1.9410454072,47,1.9461319672,1499,,,,,1.9567240472,1452,1.9567240472,0.964752372805999896
,,1.9461319672,47,1.9499934072,1499,,,,,1.9600105272,1452,1.9600105272,0.968038852805999989
,,1.9499934072,47,1.9514630872,1499,,,,,1.9621950072,1452,1.9621950072,0.970223332805999922
,,1.9514630872,47,1.9567240472,1499,,,,,1.9673995672,1452,1.9673995672,0.975427892805999837
,,1.9567240472,47,1.9600105272,1499,,,,,1.9702934072,1452,1.9702934072,0.978321732805999873
,,1.9600105272,47,1.9621950072,1499,,,,,1.9728650872,1452,1.9728650872,0.980893412805999839
,,1.9621950072,47,1.9673995672,1499,,,,,1.9783189272,1452,1.9783189272,0.986347252805999992
,,1.9673995672,47,1.9702934072,1499,,,,,1.9811662872,1452,1.9811662872,0.989194612805999847
,,1.9702934072,47,1.9728650872,1499,,,,,1.9834687672,1452,1.9834687672,0.991497092805999841
,,1.9728650872,47,1.9783189272,1499,,,,,1.9890393272,1452,1.9890393272,0.997067652805999844
,,1.9783189272,47,1.9811662872,1499,,,,,1.9924337272,1452,1.9924337272,1.000462052805999755
,,1.9811662872,47,1.9834687672,1499,,,,,1.9942625272,1452,1.9942625272,1.002290852805999938
,,1.9834687672,47,1.9890393272,1499,,,,,1.9998028472,1452,1.9998028472,1.007831172806000094
,,1.9890393272,47,1.9924337272,1499,,,,,2.0035563672,1452,2.0035563672,1.011584692805999714
,,1.9924337272,47,1.9942625272,1499,,,,,2.0050571672,1452,2.0050571672,1.013085492805999795
,,1.9942625272,47,1.9998028472,1499,,,,,2.0103822872,1452,2.0103822872,1.018410612805999978
,,1.9998028472,47,2.0035563672,1499,,,,,2.0156022872,1452,2.0156022872,1.023630612805999981
,,2.0035563672,47,2.0050571672,1499,,,,,2.0158421272,1452,2.0158421272,1.02387045280599986
,,2.0050571672,47,2.0103822872,1499,,,,,2.0211486072,1452,2.0211486072,1.029176932806000085
,,2.0103822872,47,2.0156022872,1499,,,,,2.0263117272,1452,2.0263117272,1.034340052805999828
,,2.0156022872,47,2.0158421272,1499,,,,,2.0269233272,1452,2.0269233272,1.034951652805999873
,,2.0158421272,47,2.0211486072,1499,,,,,2.0318046072,1452,2.0318046072,1.039832932806000083
,,2.0211486072,47,2.0263117272,1499,,,,,2.0370218072,1452,2.0370218072,1.045050132805999783
,,2.0263117272,47,2.0269233272,1499,,,,,2.0377533272,1452,2.0377533272,1.04578165280599977
,,2.0269233272,47,2.0318046072,1499,,,,,2.0426425272,1452,2.0426425272,1.050670852805999806
,,2.0318046072,47,2.0370218072,1499,,,,,2.0478470872,1452,2.0478470872,1.055875412805999941
,,2.0370218072,47,2.0377533272,1499,,,,,2.0485726072,1452,2.0485726072,1.056600932805999978
,,2.0377533272,47,2.0426425272,1499,,,,,2.0530814072,1452,2.0530814072,1.061109732805999957
,,2.0426425272,47,2.0478470872,1499,,,,,2.0584153272,1452,2.0584153272,1.066443652805999948
,,2.0478470872,47,2.0485726072,1499,,,,,2.0613360472,1452,2.0613360472,1.069364372806000048
,,2.0485726072,47,2.0530814072,1499,,,,,2.0639982872,1452,2.0639982872,1.072026612805999863
,,2.0530814072,47,2.0584153272,1499,,,,,2.0693230072,1452,2.0693230072,1.077351332805999813
,,2.0584153272,47,2.0613360472,1499,,,,,2.0731310072,1452,2.0731310072,1.081159332806000068
,,2.0613360472,47,2.0639982872,1499,,,,,2.0744788472,1452,2.0744788472,1.082507172805999836
,,2.0639982872,47,2.0693230072,1499,,,,,2.0800131672,1452,2.0800131672,1.088041492806000038
,,2.0693230072,47,2.0731310072,1499,,,,,2.0874537272,1452,2.0874537272,1.095482052806000079
,,2.0731310072,47,2.0744788472,1499,,,,,2.0933218072,1452,2.0933218072,1.101350132806000019
,,2.0744788472,47,2.0800131672,1499,,,,,2.0989306872,1452,2.0989306872,1.10695901280600006
,,2.0800131672,47,2.0874537272,1499,,,,,2.1050933272,1452,2.1050933272,1.113121652805999945
,,2.0874537272,47,2.0933218072,1499,,,,,2.1110589272,1452,2.1110589272,1.11908725280600007
,,2.0933218072,47,2.0989306872,1499,,,,,2.1171606072,1452,2.1171606072,1.12518893280600007
,,2.0989306872,47,2.1050933272,1499,,,,,2.1229853272,1452,2.1229853272,1.131013652805999742
,,2.1050933272,47,2.1110589272,1499,,,,,2.1288062072,1452,2.1288062072,1.136834532806000103
,,2.1110589272,47,2.1171606072,1499,,,,,2.1346489272,1452,2.1346489272,1.14267725280600007
,,2.1171606072,47,2.1229853272,1499,,,,,2.1381664472,1452,2.1381664472,1.146194772806000012
,,2.1229853272,47,2.1288062072,1499,,,,,2.1437314072,1452,2.1437314072,1.151759732806000075
,,2.1288062072,47,2.1346489272,1499,,,,,2.1493096472,1452,2.1493096472,1.15733797280599981
,,2.1346489272,47,2.1381664472,1499,,,,,2.1551635672,1452,2.1551635672,1.163191892806000098
,,2.1381664472,47,2.1437314072,1499,,,,,2.1608345272,1452,2.1608345272,1.16886285280599988
,,2.1437314072,47,2.1493096472,1499,,,,,2.1643482072,1452,2.1643482072,1.172376532806000066
,,2.1493096472,47,2.1551635672,1499,,,,,2.1697686072,1452,2.1697686072,1.177796932805999836
,,2.1551635672,47,2.1608345272,1499,,,,,2.1756081272,1452,2.1756081272,1.183636452805999712
,,2.1608345272,47,2.1643482072,1499,,,,,2.1810698872,1452,2.1810698872,1.189098212805999917
,,2.1643482072,47,2.1697686072,1499,,,,,2.1845775672,1452,2.1845775672,1.192605892805999707
,,2.1697686072,47,2.1756081272,1499,,,,,2.1896489272,1452,2.1896489272,1.197677252805999786
,,2.1756081272,47,2.1810698872,1499,,,,,2.1949674072,1452,2.1949674072,1.202995732805999912
,,2.1810698872,47,2.1845775672,1499,,,,,2.2008782072,1452,2.2008782072,1.208906532806000016
,,2.1845775672,47,2.1896489272,1499,,,,,2.2036180472,1452,2.2036180472,1.211646372805999843
,,2.1896489272,47,2.1949674072,1499,,,,,2.2084448472,1452,2.2084448472,1.216473172805999863
,,2.1949674072,47,2.2008782072,1499,,,,,2.2169691672,1452,2.2169691672,1.22499749280599967
,,2.2008782072,47,2.2036180472,1499,,,,,2.2207986872,1452,2.2207986872,1.228827012805999702
,,2.2036180472,47,2.2084448472,1499,,,,,2.2265075672,1452,2.2265075672,1.234535892805999951
,,2.2084448472,47,2.2169691672,1499,,,,,2.2313510872,1452,2.2313510872,1.239379412806000051
,,2.2169691672,47,2.2207986872,1499,,,,,2.2354583672,1452,2.2354583672,1.243486692805999988
,,2.2207986872,47,2.2265075672,1499,,,,,2.2407847672,1452,2.2407847672,1.248813092805999942
,,2.2265075672,47,2.2313510872,1499,,,,,2.2463430872,1452,2.2463430872,1.254371412805999947
,,2.2313510872,47,2.2354583672,1499,,,,,2.2512611672,1452,2.2512611672,1.259289492805999883
,,2.2354583672,47,2.2407847672,1499,,,,,2.2573409272,1452,2.2573409272,1.265369252805999875
,,2.2407847672,47,2.2463430872,1499,,,,,2.2620863672,1452,2.2620863672,1.270114692806000083
,,2.2463430872,47,2.2512611672,1499,,,,,2.2653602072,1452,2.2653602072,1.273388532805999945
,,2.2512611672,47,2.2573409272,1499,,,,,2.2676506872,1452,2.2676506872,1.275679012806000041
,,2.2573409272,47,2.2620863672,1499,,,,,2.2727252472,1452,2.2727252472,1.28075357280599977
,,2.2620863672,47,2.2653602072,1499,,,,,2.2786553272,1452,2.2786553272,1.286683652805999938
,,2.2653602072,47,2.2676506872,1499,,,,,2.2841709272,1452,2.2841709272,1.292199252805999782
,,2.2676506872,47,2.2727252472,1499,,,,,2.2889977272,1452,2.2889977272,1.297026052805999801
,,2.2727252472,47,2.2786553272,1499,,,,,2.2926415672,1452,2.2926415672,1.300669892805999865
,,2.2786553272,47,2.2841709272,1499,,,,,2.2942444472,1452,2.2942444472,1.30227277280599995
,,2.2841709272,47,2.2889977272,1499,,,,,2.2997741272,1452,2.2997741272,1.307802452805999932
,,2.2889977272,47,2.2926415672,1499,,,,,2.3053821272,1452,2.3053821272,1.313410452805999988
,,2.2926415672,47,2.2942444472,1499,,,,,2.3105886072,1452,2.3105886072,1.318616932806000003
,,2.2942444472,47,2.2997741272,1499,,,,,2.3155848472,1452,2.3155848472,1.323613172806000097
,,2.2997741272,47,2.3053821272,1499,,,,,2.3188499672,1452,2.3188499672,1.326878292805999663
,,2.3053821272,47,2.3105886072,1499,,,,,2.3211511672,1452,2.3211511672,1.329179492805999888
,,2.3105886072,47,2.3155848472,1499,,,,,2.3263557272,1452,2.3263557272,1.334384052806000025
,,2.3155848472,47,2.3188499672,1499,,,,,2.3319118072,1452,2.3319118072,1.339940132805999878
,,2.3188499672,47,2.3211511672,1499,,,,,2.3370275672,1452,2.3370275672,1.345055892805999678
,,2.3211511672,47,2.3263557272,1499,,,,,2.3391593272,1452,2.3391593272,1.347187652805999828
,,2.3263557272,47,2.3319118072,1499,,,,,2.3426034872,1452,2.3426034872,1.350631812805999747
,,2.3319118072,47,2.3370275672,1499,,,,,2.3477169272,1452,2.3477169272,1.355745252805999883
,,2.3370275672,47,2.3391593272,1499,,,,,2.3513198072,1452,2.3513198072,1.359348132805999747
,,2.3391593272,47,2.3426034872,1499,,,,,2.3532505272,1452,2.3532505272,1.361278852806000021
,,2.3426034872,47,2.3477169272,1499,,,,,2.3584301272,1452,2.3584301272,1.366458452805999972
,,2.3477169272,47,2.3513198072,1499,,,,,2.3639567672,1452,2.3639567672,1.371985092805999778
,,2.3513198072,47,2.3532505272,1499,,,,,2.3661650872,1452,2.3661650872,1.374193412806000041
,,2.3532505272,47,2.3584301272,1499,,,,,2.3691810872,1452,2.3691810872,1.377209412805999727
,,2.3584301272,47,2.3639567672,1499,,,,,2.3745162872,1452,2.3745162872,1.382544612805999932
,,2.3639567672,47,2.3661650872,1499,,,,,2.3783777272,1452,2.3783777272,1.386406052806000036
,,2.3661650872,47,2.3691810872,1499,,,,,2.3798227672,1452,2.3798227672,1.387851092805999712
,,2.3691810872,47,2.3745162872,1499,,,,,2.3854230072,1452,2.3854230072,1.393451332805999858
,,2.3745162872,47,2.3783777272,1499,,,,,2.3906294872,1452,2.3906294872,1.39865781280599987
,,2.3783777272,47,2.3798227672,1499,,,,,2.3926681272,1452,2.3926681272,1.400696452805999742
,,2.3798227672,47,2.3854230072,1499,,,,,2.3959359672,1452,2.3959359672,1.403964292806000097
,,2.3854230072,47,2.3906294872,1499,,,,,2.4012747672,1452,2.4012747672,1.409303092805999742
,,2.3906294872,47,2.3926681272,1499,,,,,2.4042489272,1452,2.4042489272,1.412277252805999687
,,2.3926681272,47,2.3959359672,1499,,,,,2.4067732472,1452,2.4067732472,1.414801572805999712
,,2.3959359672,47,2.4012747672,1499,,,,,2.4119658072,1452,2.4119658072,1.419994132805999946
,,2.4012747672,47,2.4042489272,1499,,,,,2.4153770072,1452,2.4153770072,1.423405332805999892
,,2.4042489272,47,2.4067732472,1499,,,,,2.4176892472,1452,2.4176892472,1.42571757280600008
,,2.4067732472,47,2.4119658072,1499,,,,,2.4227180472,1452,2.4227180472,1.430746372805999916
,,2.4119658072,47,2.4153770072,1499,,,,,2.4280605272,1452,2.4280605272,1.436088852805999843
,,2.4153770072,47,2.4176892472,1499,,,,,2.4295194872,1452,2.4295194872,1.437547812805999742
,,2.4176892472,47,2.4227180472,1499,,,,,2.4333809272,1452,2.4333809272,1.441409252805999845
,,2.4227180472,47,2.4280605272,1499,,,,,2.4389512472,1452,2.4389512472,1.446979572805999753
,,2.4280605272,47,2.4295194872,1499,,,,,2.4409958872,1452,2.4409958872,1.449024212806000016
,,2.4295194872,47,2.4333809272,1499,,,,,2.4441595672,1452,2.4441595672,1.452187892805999683
,,2.4333809272,47,2.4389512472,1499,,,,,2.4497178872,1452,2.4497178872,1.457746212805999688
,,2.4389512472,47,2.4409958872,1499,,,,,2.4527398872,1452,2.4527398872,1.46076821280599977
,,2.4409958872,47,2.4441595672,1499,,,,,2.4548104472,1452,2.4548104472,1.462838772805999712
,,2.4441595672,47,2.4497178872,1499,,,,,2.4604886872,1452,2.4604886872,1.468517012806000103
,,2.4497178872,47,2.4527398872,1499,,,,,2.4643608472,1452,2.4643608472,1.472389172805999891
,,2.4527398872,47,2.4548104472,1499,,,,,2.4654521272,1452,2.4654521272,1.473480452805999701
,,2.4548104472,47,2.4604886872,1499,,,,,2.4711410872,1452,2.4711410872,1.479169412805999776
,,2.4604886872,47,2.4643608472,1499,,,,,2.4761725272,1452,2.4761725272,1.484200852806
,,2.4643608472,47,2.4654521272,1499,,,,,2.4784787672,1452,2.4784787672,1.486507092805999788
,,2.4654521272,47,2.4711410872,1499,,,,,2.4818684472,1452,2.4818684472,1.489896772805999962
,,2.4711410872,47,2.4761725272,1499,,,,,2.4869530872,1452,2.4869530872,1.494981412805999712
,,2.4761725272,47,2.4784787672,1499,,,,,2.4899810872,1452,2.4899810872,1.498009412805999745
,,2.4784787672,47,2.4818684472,1499,,,,,2.4925174072,1452,2.4925174072,1.50054573280599967
,,2.4818684472,47,2.4869530872,1499,,,,,2.4976418872,1452,2.4976418872,1.505670212805999766
,,2.4869530872,47,2.4899810872,1499,,,,,2.5015610072,1452,2.5015610072,1.509589332805999712
,,2.4899810872,47,2.4925174072,1499,,,,,2.5032518872,1452,2.5032518872,1.511280212805999663
,,2.4925174072,47,2.4976418872,1499,,,,,2.5083425272,1452,2.5083425272,1.516370852805999806
,,2.4976418872,47,2.5015610072,1499,,,,,2.5140466872,1452,2.5140466872,1.522075012805999877
,,2.5015610072,47,2.5032518872,1499,,,,,2.5157255672,1452,2.5157255672,1.523753892805999926
,,2.5032518872,47,2.5083425272,1499,,,,,2.5189994072,1452,2.5189994072,1.527027732805999785
,,2.5083425272,47,2.5140466872,1499,,,,,2.5246836472,1452,2.5246836472,1.532711972805999682
,,2.5140466872,47,2.5157255672,1499,,,,,2.5272259672,1452,2.5272259672,1.535254292806000001
,,2.5157255672,47,2.5189994072,1499,,,,,2.5297622872,1452,2.5297622872,1.537790612805999927
,,2.5189994072,47,2.5246836472,1499,,,,,2.5353405272,1452,2.5353405272,1.543368852805999663
,,2.5246836472,47,2.5272259672,1499,,,,,2.5385974072,1452,2.5385974072,1.546625732806000013
,,2.5272259672,47,2.5297622872,1499,,,,,2.5404082072,1452,2.5404082072,1.548436532805999902
,,2.5297622872,47,2.5353405272,1499,,,,,2.5461255672,1452,2.5461255672,1.554153892805999683
,,2.5353405272,47,2.5385974072,1499,,,,,2.5511340472,1452,2.5511340472,1.559162372806000001
,,2.5385974072,47,2.5404082072,1499,,,,,2.5525730872,1452,2.5525730872,1.560601412805999726
,,2.5404082072,47,2.5461255672,1499,,,,,2.5568302872,1452,2.5568302872,1.564858612805999796
,,2.5461255672,47,2.5511340472,1499,,,,,2.5619076472,1452,2.5619076472,1.569935972805999827
,,2.5511340472,47,2.5525730872,1499,,,,,2.5645818872,1452,2.5645818872,1.572610212805999988
,,2.5525730872,47,2.5568302872,1499,,,,,2.5672441272,1452,2.5672441272,1.575272452805999803
,,2.5568302872,47,2.5619076472,1499,,,,,2.5725506072,1452,2.5725506072,1.580578932806000031
,,2.5619076472,47,2.5645818872,1499,,,,,2.5758458872,1452,2.5758458872,1.583874212805999707
,,2.5645818872,47,2.5672441272,1499,,,,,2.5782802872,1452,2.5782802872,1.586308612805999987
,,2.5672441272,47,2.5725506072,1499,,,,,2.5832557272,1452,2.5832557272,1.591284052805999931
,,2.5725506072,47,2.5758458872,1499,,,,,2.5873750072,1452,2.5873750072,1.595403332805999766
,,2.5758458872,47,2.5782802872,1499,,,,,2.5889459672,1452,2.5889459672,1.596974292805999776
,,2.5782802872,47,2.5832557272,1499,,,,,2.5940473272,1452,2.5940473272,1.602075652806000053
,,2.5832557272,47,2.5873750072,1499,,,,,2.5996116472,1452,2.5996116472,1.60763997280600001
,,2.5873750072,47,2.5889459672,1499,,,,,2.6015423672,1452,2.6015423672,1.609570692805999843
,,2.5889459672,47,2.5940473272,1499,,,,,2.6047020472,1452,2.6047020472,1.61273037280599984
,,2.5940473272,47,2.5996116472,1499,,,,,2.6103802872,1452,2.6103802872,1.618408612805999785
,,2.5996116472,47,2.6015423672,1499,,,,,2.6132990872,1452,2.6132990872,1.621327412806000007
,,2.6015423672,47,2.6047020472,1499,,,,,2.6153557272,1452,2.6153557272,1.623384052805999726
,,2.6047020472,47,2.6103802872,1499,,,,,2.6210497272,1452,2.6210497272,1.629078052805999813
,,2.6103802872,47,2.6132990872,1499,,,,,2.6261463672,1452,2.6261463672,1.63417469280599991
,,2.6132990872,47,2.6153557272,1499,,,,,2.6263862072,1452,2.6263862072,1.634414532805999791
,,2.6153557272,47,2.6210497272,1499,,,,,2.6317046872,1452,2.6317046872,1.639733012805999915
,,2.6210497272,47,2.6261463672,1499,,,,,2.6367953272,1452,2.6367953272,1.644823652806000063
,,2.6261463672,47,2.6263862072,1499,,,,,2.6392237272,1452,2.6392237272,1.647252052805999946
,,2.6263862072,47,2.6317046872,1499,,,,,2.6425353272,1452,2.6425353272,1.650563652805999921
,,2.6317046872,47,2.6367953272,1499,,,,,2.6475060472,1452,2.6475060472,1.655534372805999682
,,2.6367953272,47,2.6392237272,1499,,,,,2.6506539672,1452,2.6506539672,1.658682292806000097
,,2.6392237272,47,2.6425353272,1499,,,,,2.6531902872,1452,2.6531902872,1.661218612806000022
,,2.6425353272,47,2.6475060472,1499,,,,,2.6582605272,1452,2.6582605272,1.666288852805999803
,,2.6475060472,47,2.6506539672,1499,,,,,2.6622976472,1452,2.6622976472,1.670325972805999808
,,2.6506539672,47,2.6531902872,1499,,,,,2.6638926072,1452,2.6638926072,1.671920932806000065
,,2.6531902872,47,2.6582605272,1499,,,,,2.6689652472,1452,2.6689652472,1.676993572805999915
,,2.6582605272,47,2.6622976472,1499,,,,,2.6744654072,1452,2.6744654072,1.682493732805999891
,,2.6622976472,47,2.6638926072,1499,,,,,2.6762702072,1452,2.6762702072,1.684298532805999831
,,2.6638926072,47,2.6689652472,1499,,,,,2.6796699672,1452,2.6796699672,1.687698292806000026
,,2.6689652472,47,2.6744654072,1499,,,,,2.6851301272,1452,2.6851301272,1.693158452805999741
,,2.6744654072,47,2.6762702072,1499,,,,,2.6879122872,1452,2.6879122872,1.695940612805999941
,,2.6762702072,47,2.6796699672,1499,,,,,2.6903226872,1452,2.6903226872,1.698351012805999976
,,2.6796699672,47,2.6851301272,1499,,,,,2.6959367672,1452,2.6959367672,1.70396509280599994
,,2.6851301272,47,2.6879122872,1499,,,,,2.6993425272,1452,2.6993425272,1.707370852806000087
,,2.6879122872,47,2.6903226872,1499,,,,,2.7010274072,1452,2.7010274072,1.709055732806000087
,,2.6903226872,47,2.6959367672,1499,,,,,2.7066097272,1452,2.7066097272,1.714638052805999896
,,2.6959367672,47,2.6993425272,1499,,,,,2.7118082872,1452,2.7118082872,1.719836612806000078
,,2.6993425272,47,2.7010274072,1499,,,,,2.7138829272,1452,2.7138829272,1.721911252806000097
,,2.7010274072,47,2.7066097272,1499,,,,,2.7172706872,1452,2.7172706872,1.725299012805999946
,,2.7066097272,47,2.7118082872,1499,,,,,2.7224632472,1452,2.7224632472,1.730491572805999738
,,2.7118082872,47,2.7138829272,1499,,,,,2.7251434872,1452,2.7251434872,1.73317181280599985
,,2.7138829272,47,2.7172706872,1499,,,,,2.7280455672,1452,2.7280455672,1.736073892805999987
,,2.7172706872,47,2.7224632472,1499,,,,,2.7331242072,1452,2.7331242072,1.741152532805999788
,,2.7224632472,47,2.7251434872,1499,,,,,2.7362661272,1452,2.7362661272,1.744294452805999812
,,2.7251434872,47,2.7280455672,1499,,,,,2.7386885272,1452,2.7386885272,1.746716852805999746
,,2.7280455672,47,2.7331242072,1499,,,,,2.7437911672,1452,2.7437911672,1.751819492805999793
,,2.7331242072,47,2.7362661272,1499,,,,,2.7475278072,1452,2.7475278072,1.75555613280599986
,,2.7362661272,47,2.7386885272,1499,,,,,2.7494585272,1452,2.7494585272,1.757486852805999693
,,2.7386885272,47,2.7437911672,1499,,,,,2.7545551672,1452,2.7545551672,1.762583492805999788
,,2.7437911672,47,2.7475278072,1499,,,,,2.7585485272,1452,2.7585485272,1.766576852805999733
,,2.7475278072,47,2.7494585272,1499,,,,,2.7599935672,1452,2.7599935672,1.768021892805999853
,,2.7494585272,47,2.7545551672,1499,,,,,2.7652101272,1452,2.7652101272,1.773238452805999891
,,2.7545551672,47,2.7585485272,1499,,,,,2.7691974872,1452,2.7691974872,1.777225812805999887
,,2.7585485272,47,2.7599935672,1499,,,,,2.7708943672,1452,2.7708943672,1.778922692805999785
,,2.7599935672,47,2.7652101272,1499,,,,,2.7759670072,1452,2.7759670072,1.783995332806000082
,,2.7652101272,47,2.7691974872,1499,,,,,2.7782754872,1452,2.7782754872,1.786303812806000028
,,2.7691974872,47,2.7708943672,1499,,,,,2.7814114072,1452,2.7814114072,1.789439732806000097
,,2.7708943672,47,2.7759670072,1499,,,,,2.7856783672,1452,2.7856783672,1.793706692805999915
,,2.7759670072,47,2.7782754872,1499,,,,,2.7866377272,1452,2.7866377272,1.794666052805999878
,,2.7782754872,47,2.7814114072,1499,,,,,2.7921282072,1452,2.7921282072,1.800156532806000068
,,2.7814114072,47,2.7856783672,1499,,,,,2.7960076472,1452,2.7960076472,1.804035972806000025
,,2.7856783672,47,2.7866377272,1499,,,,,2.7973447672,1452,2.7973447672,1.805373092805999663
,,2.7866377272,47,2.7921282072,1499,,,,,2.8027831672,1452,2.8027831672,1.810811492805999726
,,2.7921282072,47,2.7960076472,1499,,,,,2.8055953272,1452,2.8055953272,1.813623652805999676
,,2.7960076472,47,2.7973447672,1499,,,,,2.8081316472,1452,2.8081316472,1.816159972806000047
,,2.7973447672,47,2.8027831672,1499,,,,,2.8128385272,1452,2.8128385272,1.820866852805999683
,,2.8027831672,47,2.8055953272,1499,,,,,2.8135580472,1452,2.8135580472,1.821586372805999768
,,2.8055953272,47,2.8081316472,1499,,,,,2.8187682072,1452,2.8187682072,1.826796532806000063
,,2.8081316472,47,2.8128385272,1499,,,,,2.8230014072,1452,2.8230014072,1.831029732805999891
,,2.8128385272,47,2.8135580472,1499,,,,,2.8242186072,1452,2.8242186072,1.832246932806000031
,,2.8135580472,47,2.8187682072,1499,,,,,2.8295408472,1452,2.8295408472,1.837569172805999956
,,2.8187682072,47,2.8230014072,1499,,,,,2.8336078072,1452,2.8336078072,1.841636132805999793
,,2.8230014072,47,2.8242186072,1499,,,,,2.8349389272,1452,2.8349389272,1.842967252805999926
,,2.8242186072,47,2.8295408472,1499,,,,,2.8401434872,1452,2.8401434872,1.848171812806000062
,,2.8295408472,47,2.8336078072,1499,,,,,2.8442472472,1452,2.8442472472,1.852275572806000071
,,2.8336078072,47,2.8349389272,1499,,,,,2.8455903672,1452,2.8455903672,1.853618692805999658
,,2.8349389272,47,2.8401434872,1499,,,,,2.8509135672,1452,2.8509135672,1.858941892805999962
,,2.8401434872,47,2.8442472472,1499,,,,,2.8539415672,1452,2.8539415672,1.861969892806
,,2.8442472472,47,2.8455903672,1499,,,,,2.8562380472,1452,2.8562380472,1.86426637280600004
,,2.8455903672,47,2.8509135672,1499,,,,,2.8603573272,1452,2.8603573272,1.868385652805999877
,,2.8509135672,47,2.8539415672,1499,,,,,2.8615625272,1452,2.8615625272,1.869590852805999672
,,2.8539415672,47,2.8562380472,1499,,,,,2.8669110072,1452,2.8669110072,1.874939332805999993
,,2.8562380472,47,2.8603573272,1499,,,,,2.8689616472,1452,2.8689616472,1.876989972805999765
,,2.8603573272,47,2.8615625272,1499,,,,,2.8723411672,1452,2.8723411672,1.880369492805999956
,,2.8615625272,47,2.8669110072,1499,,,,,2.8762313272,1452,2.8762313272,1.884259652806000043
,,2.8669110072,47,2.8689616472,1499,,,,,2.8776943672,1452,2.8776943672,1.885722692806000016
,,2.8689616472,47,2.8723411672,1499,,,,,2.8830128472,1452,2.8830128472,1.891041172805999696
,,2.8723411672,47,2.8762313272,1499,,,,,2.8844638872,1452,2.8844638872,1.892492212805999766
,,2.8762313272,47,2.8776943672,1499,,,,,2.8884632472,1452,2.8884632472,1.896491572805999663
,,2.8776943672,47,2.8830128472,1499,,,,,2.8919589272,1452,2.8919589272,1.899987252805999993
,,2.8830128472,47,2.8844638872,1499,,,,,2.8937817272,1452,2.8937817272,1.901810052805999785
,,2.8844638872,47,2.8884632472,1499,,,,,2.8993545272,1452,2.8993545272,1.907382852805999722
,,2.8884632472,47,2.8919589272,1499,,,,,2.9011593272,1452,2.9011593272,1.909187652805999663
,,2.8919589272,47,2.8937817272,1499,,,,,2.9044391672,1452,2.9044391672,1.912467492805999916
,,2.8937817272,47,2.8993545272,1499,,,,,2.9084492472,1452,2.9084492472,1.916477572805999945
,,2.8993545272,47,2.9011593272,1499,,,,,2.9098942872,1452,2.9098942872,1.917922612806000063
,,2.9011593272,47,2.9044391672,1499,,,,,2.9150966072,1452,2.9150966072,1.923124932806000043
,,2.9044391672,47,2.9084492472,1499,,,,,2.9184200472,1452,2.9184200472,1.926448372806000001
,,2.9084492472,47,2.9098942872,1499,,,,,2.9204706872,1452,2.9204706872,1.92849901280599977
,,2.9098942872,47,2.9150966072,1499,,,,,2.9258383672,1452,2.9258383672,1.933866692805999753
,,2.9150966072,47,2.9184200472,1499,,,,,2.9290132472,1452,2.9290132472,1.937041572805999746
,,2.9184200472,47,2.9204706872,1499,,,,,2.9312564472,1452,2.9312564472,1.93928477280599986
,,2.9204706872,47,2.9258383672,1499,,,,,2.9365796472,1452,2.9365796472,1.944607972805999718
,,2.9258383672,47,2.9290132472,1499,,,,,2.9394817272,1452,2.9394817272,1.947510052805999863
,,2.9290132472,47,2.9312564472,1499,,,,,2.9419603672,1452,2.9419603672,1.94998869280599995
,,2.9312564472,47,2.9365796472,1499,,,,,2.9473088472,1452,2.9473088472,1.955337172805999825
,,2.9365796472,47,2.9394817272,1499,,,,,2.9476686072,1452,2.9476686072,1.955696932806000088
,,2.9394817272,47,2.9419603672,1499,,,,,2.9526093272,1452,2.9526093272,1.960637652806000102
,,2.9419603672,47,2.9473088472,1499,,,,,2.9567333272,1452,2.9567333272,1.964761652805999672
,,2.9473088472,47,2.9476686072,1499,,,,,2.9579385272,1452,2.9579385272,1.965966852805999913
,,2.9476686072,47,2.9526093272,1499,,,,,2.9633769272,1452,2.9633769272,1.971405252805999977
,,2.9526093272,47,2.9567333272,1499,,,,,2.9666507672,1452,2.9666507672,1.974679092805999838
,,2.9567333272,47,2.9579385272,1499,,,,,2.9687074072,1452,2.9687074072,1.976735732806000003
,,2.9579385272,47,2.9633769272,1499,,,,,2.9741278072,1452,2.9741278072,1.982156132805999775
,,2.9633769272,47,2.9666507672,1499,,,,,2.9762983672,1452,2.9762983672,1.984326692805999926
,,2.9666507672,47,2.9687074072,1499,,,,,2.9793370872,1452,2.9793370872,1.987365412806000088
,,2.9687074072,47,2.9741278072,1499,,,,,2.9835702872,1452,2.9835702872,1.991598612805999915
,,2.9741278072,47,2.9762983672,1499,,,,,2.9847814872,1452,2.9847814872,1.992809812805999663
,,2.9762983672,47,2.9793370872,1499,,,,,2.9901214072,1452,2.9901214072,1.998149732806000047
,,2.9793370872,47,2.9835702872,1499,,,,,2.9932513272,1452,2.9932513272,2.001279652805999726
,,2.9835702872,47,2.9847814872,1499,,,,,2.9955478072,1452,2.9955478072,2.00357613280599977
,,2.9847814872,47,2.9901214072,1499,,,,,3.0007381272,1452,3.0007381272,2.008766452805999406
,,2.9901214072,47,2.9932513272,1499,,,,,3.0039226872,1452,3.0039226872,2.011951012805999627
,,2.9932513272,47,2.9955478072,1499,,,,,3.0061159672,1452,3.0061159672,2.014144292805999815
,,2.9955478072,47,3.0007381272,1499,,,,,3.0114546072,1452,3.0114546072,2.019482932805999543
,,3.0007381272,47,3.0039226872,1499,,,,,3.0150623672,1452,3.0150623672,2.02309069280599995
,,3.0039226872,47,3.0061159672,1499,,,,,3.0168731672,1452,3.0168731672,2.024901492805999395
,,3.0061159672,47,3.0114546072,1499,,,,,3.0221834072,1452,3.0221834072,2.030211732805999415
,,3.0114546072,47,3.0150623672,1499,,,,,3.0260748472,1452,3.0260748472,2.034103172805999718
,,3.0150623672,47,3.0168731672,1499,,,,,3.0275258872,1452,3.0275258872,2.035554212805999788
,,3.0168731672,47,3.0221834072,1499,,,,,3.0329462872,1452,3.0329462872,2.040974612806000001
,,3.0221834072,47,3.0260748472,1499,,,,,3.0368383672,1452,3.0368383672,2.04486669280599997
,,3.0260748472,47,3.0275258872,1499,,,,,3.0382834072,1452,3.0382834072,2.046311732806000087
,,3.0275258872,47,3.0329462872,1499,,,,,3.0436078872,1452,3.0436078872,2.051636212805999718
,,3.0329462872,47,3.0368383672,1499,,,,,3.0478590872,1452,3.0478590872,2.055887412805999395
,,3.0368383672,47,3.0382834072,1499,,,,,3.0489383672,1452,3.0489383672,2.056966692806000188
,,3.0382834072,47,3.0436078872,1499,,,,,3.0543587672,1452,3.0543587672,2.062387092805999512
,,3.0436078872,47,3.0478590872,1499,,,,,3.0586058872,1452,3.0586058872,2.066634212806000008
,,3.0478590872,47,3.0489383672,1499,,,,,3.0596911672,1452,3.0596911672,2.067719492805999863
,,3.0489383672,47,3.0543587672,1499,,,,,3.0650383672,1452,3.0650383672,2.07306669280599997
,,3.0543587672,47,3.0586058872,1499,,,,,3.0696559672,1452,3.0696559672,2.077684292805999526
,,3.0586058872,47,3.0596911672,1499,,,,,3.0703754872,1452,3.0703754872,2.078403812806000053
,,3.0596911672,47,3.0650383672,1499,,,,,3.0758018872,1452,3.0758018872,2.083830212805999328
,,3.0650383672,47,3.0696559672,1499,,,,,3.0835069272,1452,3.0835069272,2.091535252805999602
,,3.0696559672,47,3.0703754872,1499,,,,,3.0896430872,1452,3.0896430872,2.097671412806000106
,,3.0703754872,47,3.0758018872,1499,,,,,3.0951718872,1452,3.0951718872,2.103200212805999658
,,3.0758018872,47,3.0835069272,1499,,,,,3.1009798072,1452,3.1009798072,2.109008132806000182
,,3.0835069272,47,3.0896430872,1499,,,,,3.1070478072,1452,3.1070478072,2.115076132806000145
,,3.0896430872,47,3.0951718872,1499,,,,,3.1127247672,1452,3.1127247672,2.120753092805999876
,,3.0951718872,47,3.1009798072,1499,,,,,3.1185383672,1452,3.1185383672,2.126566692805999627
,,3.1009798072,47,3.1070478072,1499,,,,,3.1239874872,1452,3.1239874872,2.132015812805999382
,,3.1070478072,47,3.1127247672,1499,,,,,3.1298096472,1452,3.1298096472,2.137837972805999512
,,3.1127247672,47,3.1185383672,1499,,,,,3.1352240472,1452,3.1352240472,2.143252372805999776
,,3.1185383672,47,3.1239874872,1499,,,,,3.1411588472,1452,3.1411588472,2.149187172806000125
,,3.1239874872,47,3.1298096472,1499,,,,,3.1442035672,1452,3.1442035672,2.152231892805999347
,,3.1298096472,47,3.1352240472,1499,,,,,3.1499045272,1452,3.1499045272,2.15793285280599977
,,3.1352240472,47,3.1411588472,1499,,,,,3.1552236472,1452,3.1552236472,2.163251972806000001
,,3.1411588472,47,3.1442035672,1499,,,,,3.1611417272,1452,3.1611417272,2.169170052805999828
,,3.1442035672,47,3.1499045272,1499,,,,,3.1644342072,1452,3.1644342072,2.172462532805999647
,,3.1499045272,47,3.1552236472,1499,,,,,3.1696485272,1452,3.1696485272,2.177676852805999976
,,3.1552236472,47,3.1611417272,1499,,,,,3.1757342072,1452,3.1757342072,2.183762532805999962
,,3.1611417272,47,3.1644342072,1499,,,,,3.1817722072,1452,3.1817722072,2.189800532806000168
,,3.1644342072,47,3.1696485272,1499,,,,,3.1873545272,1452,3.1873545272,2.195382852805999533
,,3.1696485272,47,3.1757342072,1499,,,,,3.1910900472,1452,3.1910900472,2.199118372805999746
,,3.1757342072,47,3.1817722072,1499,,,,,3.1962860472,1452,3.1962860472,2.204314372805999501
,,3.1817722072,47,3.1873545272,1499,,,,,3.2016490872,1452,3.2016490872,2.209677412806000156
,,3.1873545272,47,3.1910900472,1499,,,,,3.2076018872,1452,3.2076018872,2.215630212805999468
,,3.1910900472,47,3.1962860472,1499,,,,,3.2106178872,1452,3.2106178872,2.218646212806000043
,,3.1962860472,47,3.2016490872,1499,,,,,3.2153067672,1452,3.2153067672,2.223335092805999825
,,3.2016490872,47,3.2076018872,1499,,,,,3.2206372472,1452,3.2206372472,2.228665572805999406
,,3.2076018872,47,3.2106178872,1499,,,,,3.2258696472,1452,3.2258696472,2.233897972805999991
,,3.2106178872,47,3.2153067672,1499,,,,,3.2316757272,1452,3.2316757272,2.239704052806000147
,,3.2153067672,47,3.2206372472,1499,,,,,3.2364087672,1452,3.2364087672,2.244437092805999777
,,3.2206372472,47,3.2258696472,1499,,,,,3.2418471672,1452,3.2418471672,2.249875492805999843
,,3.2258696472,47,3.2316757272,1499,,,,,3.2478290872,1452,3.2478290872,2.255857412805999816
,,3.2316757272,47,3.2364087672,1499,,,,,3.2528777272,1452,3.2528777272,2.260906052805999871
,,3.2364087672,47,3.2418471672,1499,,,,,3.2592474872,1452,3.2592474872,2.267275812805999981
,,3.2418471672,47,3.2478290872,1499,,,,,3.2617838072,1452,3.2617838072,2.269812132805999907
,,3.2478290872,47,3.2528777272,1499,,,,,3.2661489272,1452,3.2661489272,2.27417725280600002
,,3.2528777272,47,3.2592474872,1499,,,,,3.2684514072,1452,3.2684514072,2.276479732806000012
,,3.2592474872,47,3.2617838072,1499,,,,,3.2739797272,1452,3.2739797272,2.282008052805999822
,,3.2617838072,47,3.2661489272,1499,,,,,3.2798205272,1452,3.2798205272,2.287848852805999468
,,3.2661489272,47,3.2684514072,1499,,,,,3.2853110072,1452,3.2853110072,2.293339332806000097
,,3.2684514072,47,3.2739797272,1499,,,,,3.2922083672,1452,3.2922083672,2.300236692806000062
,,3.2739797272,47,3.2798205272,1499,,,,,3.2955841272,1452,3.2955841272,2.303612452806000012
,,3.2798205272,47,3.2853110072,1499,,,,,3.3007994072,1452,3.3007994072,2.308827732805999835
,,3.2853110072,47,3.2922083672,1499,,,,,3.3065322872,1452,3.3065322872,2.314560612805999885
,,3.2922083672,47,3.2955841272,1499,,,,,3.3113530872,1452,3.3113530872,2.319381412805999952
,,3.2955841272,47,3.3007994072,1499,,,,,3.3186487672,1452,3.3186487672,2.326677092805999425
,,3.3007994072,47,3.3065322872,1499,,,,,3.3221624472,1452,3.3221624472,2.33019077280599961
,,3.3065322872,47,3.3113530872,1499,,,,,3.3276494872,1452,3.3276494872,2.335677812805999832
,,3.3113530872,47,3.3186487672,1499,,,,,3.3328180472,1452,3.3328180472,2.340846372805999375
,,3.3186487672,47,3.3221624472,1499,,,,,3.3392002072,1452,3.3392002072,2.347228532805999625
,,3.3221624472,47,3.3276494872,1499,,,,,3.3450574072,1452,3.3450574072,2.353085732805999962
,,3.3276494872,47,3.3328180472,1499,,,,,3.3503948472,1452,3.3503948472,2.358423172805999877
,,3.3328180472,47,3.3392002072,1499,,,,,3.3541243672,1452,3.3541243672,2.362152692806000145
,,3.3392002072,47,3.3450574072,1499,,,,,3.3598452472,1452,3.3598452472,2.367873572805999405
,,3.3450574072,47,3.3503948472,1499,,,,,3.3630304472,1452,3.3630304472,2.371058772806000182
,,3.3503948472,47,3.3541243672,1499,,,,,3.3648412472,1452,3.3648412472,2.372869572805999627
,,3.3541243672,47,3.3598452472,1499,,,,,3.3712604472,1452,3.3712604472,2.379288772805999477
,,3.3598452472,47,3.3630304472,1499,,,,,3.3759553272,1452,3.3759553272,2.383983652806000097
,,3.3630304472,47,3.3648412472,1499,,,,,3.3811860472,1452,3.3811860472,2.389214372805999345
,,3.3648412472,47,3.3712604472,1499,,,,,3.3863073272,1452,3.3863073272,2.394335652805999347
,,3.3712604472,47,3.3759553272,1499,,,,,3.3890834872,1452,3.3890834872,2.397111812806000042
,,3.3759553272,47,3.3811860472,1499,,,,,3.3919675672,1452,3.3919675672,2.39999589280599944
,,3.3811860472,47,3.3863073272,1499,,,,,3.3969695672,1452,3.3969695672,2.404997892805999612
,,3.3863073272,47,3.3890834872,1499,,,,,3.4026478072,1452,3.4026478072,2.410676132805999562
,,3.3890834872,47,3.3919675672,1499,,,,,3.4046984472,1452,3.4046984472,2.412726772805999775
,,3.3919675672,47,3.3969695672,1499,,,,,3.4076850072,1452,3.4076850072,2.415713332805999857
,,3.3969695672,47,3.4026478072,1499,,,,,3.4132685272,1452,3.4132685272,2.421296852805999925
,,3.4026478072,47,3.4046984472,1499,,,,,3.4165322072,1452,3.4165322072,2.424560532805999802
,,3.4046984472,47,3.4076850072,1499,,,,,3.4184689272,1452,3.4184689272,2.426497252805999582
,,3.4076850072,47,3.4132685272,1499,,,,,3.4239808472,1452,3.4239808472,2.432009172805999585
,,3.4132685272,47,3.4165322072,1499,,,,,3.4291503672,1452,3.4291503672,2.437178692805999512
,,3.4165322072,47,3.4184689272,1499,,,,,3.4311950072,1452,3.4311950072,2.439223332805999775
,,3.4184689272,47,3.4239808472,1499,,,,,3.4346846872,1452,3.4346846872,2.442713012806000165
,,3.4239808472,47,3.4291503672,1499,,,,,3.4398697272,1452,3.4398697272,2.447898052805999915
,,3.4291503672,47,3.4311950072,1499,,,,,3.4431111672,1452,3.4431111672,2.451139492805999952
,,3.4311950072,47,3.4346846872,1499,,,,,3.4453410872,1452,3.4453410872,2.453369412805999502
,,3.4346846872,47,3.4398697272,1499,,,,,3.4505398072,1452,3.4505398072,2.45856813280599961
,,3.4398697272,47,3.4431111672,1499,,,,,3.4547550072,1452,3.4547550072,2.462783332805999582
,,3.4431111672,47,3.4453410872,1499,,,,,3.4560978872,1452,3.4560978872,2.464126212805999737
,,3.4453410872,47,3.4505398072,1499,,,,,3.4612774872,1452,3.4612774872,2.46930581280599969
,,3.4505398072,47,3.4547550072,1499,,,,,3.4667849272,1452,3.4667849272,2.474813252805999387
,,3.4547550072,47,3.4560978872,1499,,,,,3.4699208472,1452,3.4699208472,2.477949172805999455
,,3.4560978872,47,3.4612774872,1499,,,,,3.4719654872,1452,3.4719654872,2.47999381280599972
,,3.4612774872,47,3.4667849272,1499,,,,,3.4775010072,1452,3.4775010072,2.485529332806000182
,,3.4667849272,47,3.4699208472,1499,,,,,3.4821033272,1452,3.4821033272,2.490131652805999345
,,3.4699208472,47,3.4719654872,1499,,,,,3.4827089272,1452,3.4827089272,2.490737252805999437
,,3.4719654872,47,3.4775010072,1499,,,,,3.4882150872,1452,3.4882150872,2.496243412805999807
,,3.4775010072,47,3.4821033272,1499,,,,,3.4933776472,1452,3.4933776472,2.501405972805999402
,,3.4821033272,47,3.4827089272,1499,,,,,3.4961616472,1452,3.4961616472,2.50418997280599952
,,3.4827089272,47,3.4882150872,1499,,,,,3.4988358872,1452,3.4988358872,2.50686421280599968
,,3.4882150872,47,3.4933776472,1499,,,,,3.5041470872,1452,3.5041470872,2.512175412806000087
,,3.4933776472,47,3.4961616472,1499,,,,,3.5076431672,1452,3.5076431672,2.515671492805999765
,,3.4961616472,47,3.4988358872,1499,,,,,3.5095618872,1452,3.5095618872,2.517590212805999695
,,3.4988358872,47,3.5041470872,1499,,,,,3.5148563672,1452,3.5148563672,2.522884692805999572
,,3.5041470872,47,3.5076431672,1499,,,,,3.5203346072,1452,3.5203346072,2.528362932805999985
,,3.5076431672,47,3.5095618872,1499,,,,,3.5224298072,1452,3.5224298072,2.530458132805999395
,,3.5095618872,47,3.5148563672,1499,,,,,3.5254578072,1452,3.5254578072,2.53348613280599987
,,3.5148563672,47,3.5203346072,1499,,,,,3.5309302872,1452,3.5309302872,2.538958612805999757
,,3.5203346072,47,3.5224298072,1499,,,,,3.5339402872,1452,3.5339402872,2.541968612805999495
,,3.5224298072,47,3.5254578072,1499,,,,,3.5362427672,1452,3.5362427672,2.54427109280599949
,,3.5254578072,47,3.5309302872,1499,,,,,3.5417197272,1452,3.5417197272,2.54974805280599969
,,3.5309302872,47,3.5339402872,1499,,,,,3.5455066872,1452,3.5455066872,2.553535012805999915
,,3.5339402872,47,3.5362427672,1499,,,,,3.5469517272,1452,3.5469517272,2.554980052806000032
,,3.5362427672,47,3.5417197272,1499,,,,,3.5523661272,1452,3.5523661272,2.560394452805999412
,,3.5417197272,47,3.5455066872,1499,,,,,3.5576602872,1452,3.5576602872,2.565688612805999462
,,3.5455066872,47,3.5469517272,1499,,,,,3.5589914072,1452,3.5589914072,2.567019732806000032
,,3.5469517272,47,3.5523661272,1499,,,,,3.5630866872,1452,3.5630866872,2.57111501280599962
,,3.5523661272,47,3.5576602872,1499,,,,,3.5683032472,1452,3.5683032472,2.576331572805999662
,,3.5576602872,47,3.5589914072,1499,,,,,3.5705817272,1452,3.5705817272,2.578610052805999852
,,3.5589914072,47,3.5630866872,1499,,,,,3.5738255672,1452,3.5738255672,2.581853892805999515
,,3.5630866872,47,3.5683032472,1499,,,,,3.5790630872,1452,3.5790630872,2.587091412806000065
,,3.5683032472,47,3.5705817272,1499,,,,,3.5822176472,1452,3.5822176472,2.590245972805999657
,,3.5705817272,47,3.5738255672,1499,,,,,3.5845081272,1452,3.5845081272,2.592536452805999745
,,3.5738255672,47,3.5790630872,1499,,,,,3.5897224472,1452,3.5897224472,2.597750772806000072
,,3.5790630872,47,3.5822176472,1499,,,,,3.5938057272,1452,3.5938057272,2.601834052805999765
,,3.5822176472,47,3.5845081272,1499,,,,,3.5952627672,1452,3.5952627672,2.603291092805999785
,,3.5845081272,47,3.5897224472,1499,,,,,3.6005409272,1452,3.6005409272,2.608569252805999375
,,3.5897224472,47,3.5938057272,1499,,,,,3.6059458072,1452,3.6059458072,2.613974132805999765
,,3.5938057272,47,3.5952627672,1499,,,,,3.6087804472,1452,3.6087804472,2.616808772805999427
,,3.5952627672,47,3.6005409272,1499,,,,,3.6111788472,1452,3.6111788472,2.61920717280600001
,,3.6005409272,47,3.6059458072,1499,,,,,3.6166172472,1452,3.6166172472,2.62464557280600007
,,3.6059458072,47,3.6087804472,1499,,,,,3.6200403672,1452,3.6200403672,2.628068692805999962
,,3.6087804472,47,3.6111788472,1499,,,,,3.6218666072,1452,3.6218666072,2.62989493280599972
,,3.6111788472,47,3.6166172472,1499,,,,,3.6274002072,1452,3.6274002072,2.635428532805999415
,,3.6166172472,47,3.6200403672,1499,,,,,3.6313742872,1452,3.6313742872,2.639402612806000182
,,3.6200403672,47,3.6218666072,1499,,,,,3.6325734872,1452,3.6325734872,2.640601812805999582
,,3.6218666072,47,3.6274002072,1499,,,,,3.6381744472,1452,3.6381744472,2.646202772805999347
,,3.6274002072,47,3.6313742872,1499,,,,,3.6433610072,1452,3.6433610072,2.651389332805999632
,,3.6313742872,47,3.6325734872,1499,,,,,3.6446921272,1452,3.6446921272,2.652720452806000205
,,3.6325734872,47,3.6381744472,1499,,,,,3.6489373272,1452,3.6489373272,2.656965652805999932
,,3.6381744472,47,3.6433610072,1499,,,,,3.6539799672,1452,3.6539799672,2.662008292806000032
,,3.6433610072,47,3.6446921272,1499,,,,,3.6562549272,1452,3.6562549272,2.664283252805999415
,,3.6446921272,47,3.6489373272,1499,,,,,3.6596100472,1452,3.6596100472,2.667638372805999572
,,3.6489373272,47,3.6539799672,1499,,,,,3.6646981272,1452,3.6646981272,2.672726452805999727
,,3.6539799672,47,3.6562549272,1499,,,,,3.6677501272,1452,3.6677501272,2.67577845280600001
,,3.6562549272,47,3.6596100472,1499,,,,,3.6702684472,1452,3.6702684472,2.678296772806000082
,,3.6596100472,47,3.6646981272,1499,,,,,3.6754550072,1452,3.6754550072,2.683483332805999477
,,3.6646981272,47,3.6677501272,1499,,,,,3.6794046872,1452,3.6794046872,2.68743301280600021
,,3.6677501272,47,3.6702684472,1499,,,,,3.6809636472,1452,3.6809636472,2.68899197280599987
,,3.6702684472,47,3.6754550072,1499,,,,,3.6860789272,1452,3.6860789272,2.69410725280599993
,,3.6754550072,47,3.6794046872,1499,,,,,3.6916983672,1452,3.6916983672,2.699726692806000182
,,3.6794046872,47,3.6809636472,1499,,,,,3.6939888472,1452,3.6939888472,2.70201717280599939
,,3.6809636472,47,3.6860789272,1499,,,,,3.6967830072,1452,3.6967830072,2.704811332805999932
,,3.6860789272,47,3.6916983672,1499,,,,,3.7025085272,1452,3.7025085272,2.710536852805999417
,,3.6916983672,47,3.6939888472,1499,,,,,3.7055671672,1452,3.7055671672,2.7135954928060002
,,3.6939888472,47,3.6967830072,1499,,,,,3.7074978872,1452,3.7074978872,2.715526212806000025
,,3.6967830072,47,3.7025085272,1499,,,,,3.7131508472,1452,3.7131508472,2.72117917280599996
,,3.7025085272,47,3.7055671672,1499,,,,,3.7169828472,1452,3.7169828472,2.725011172806000015
,,3.7055671672,47,3.7074978872,1499,,,,,3.7183139672,1452,3.7183139672,2.7263422928059997
,,3.7074978872,47,3.7131508472,1499,,,,,3.7238710072,1452,3.7238710072,2.731899332805999932
,,3.7131508472,47,3.7169828472,1499,,,,,3.7289616472,1452,3.7289616472,2.736989972805999632
,,3.7169828472,47,3.7183139672,1499,,,,,3.7304006872,1452,3.7304006872,2.738429012805999802
,,3.7183139672,47,3.7238710072,1499,,,,,3.7346098872,1452,3.7346098872,2.742638212805999832
,,3.7238710072,47,3.7289616472,1499,,,,,3.7396782872,1452,3.7396782872,2.747706612805999695
,,3.7289616472,47,3.7304006872,1499,,,,,3.7423670872,1452,3.7423670872,2.750395412806000182
,,3.7304006872,47,3.7346098872,1499,,,,,3.7451552472,1452,3.7451552472,2.753183572805999887
,,3.7346098872,47,3.7396782872,1499,,,,,3.7503538072,1452,3.7503538072,2.758382132806000077
,,3.7396782872,47,3.7423670872,1499,,,,,3.7534884472,1452,3.7534884472,2.76151677280599993
,,3.7423670872,47,3.7451552472,1499,,,,,3.7557909272,1452,3.7557909272,2.763819252805999925
,,3.7451552472,47,3.7503538072,1499,,,,,3.7610392472,1452,3.7610392472,2.76906757280599968
,,3.7503538072,47,3.7534884472,1499,,,,,3.7647305272,1452,3.7647305272,2.77275885280599964
,,3.7534884472,47,3.7557909272,1499,,,,,3.7664514072,1452,3.7664514072,2.774479732805999337
,,3.7557909272,47,3.7610392472,1499,,,,,3.7717784472,1452,3.7717784472,2.779806772805999402
,,3.7610392472,47,3.7647305272,1499,,,,,3.7765048472,1452,3.7765048472,2.784533172805999422
,,3.7647305272,47,3.7664514072,1499,,,,,3.7771104472,1452,3.7771104472,2.785138772805999515
,,3.7664514072,47,3.7717784472,1499,,,,,3.7824930872,1452,3.7824930872,2.790521412806000065
,,3.7717784472,47,3.7765048472,1499,,,,,3.7878662072,1452,3.7878662072,2.795894532805999852
,,3.7765048472,47,3.7771104472,1499,,,,,3.7911239672,1452,3.7911239672,2.799152292806000182
,,3.7771104472,47,3.7824930872,1499,,,,,3.7932039672,1452,3.7932039672,2.8012322928059996
,,3.7824930872,47,3.7878662072,1499,,,,,3.7984762872,1452,3.7984762872,2.80650461280600004
,,3.7878662072,47,3.7911239672,1499,,,,,3.8025882872,1452,3.8025882872,2.810616612806000157
,,3.7911239672,47,3.7932039672,1499,,,,,3.8039134072,1452,3.8039134072,2.811941732805999895
,,3.7932039672,47,3.7984762872,1499,,,,,3.8092086872,1452,3.8092086872,2.817237012805999345
,,3.7984762872,47,3.8025882872,1499,,,,,3.8146170872,1452,3.8146170872,2.82264541280599966
,,3.8025882872,47,3.8039134072,1499,,,,,3.8161154872,1452,3.8161154872,2.824143812805999675
,,3.8039134072,47,3.8092086872,1499,,,,,3.8199829272,1452,3.8199829272,2.828011252806000175
,,3.8092086872,47,3.8146170872,1499,,,,,3.8253367672,1452,3.8253367672,2.833365092805999895
,,3.8146170872,47,3.8161154872,1499,,,,,3.8276572472,1452,3.8276572472,2.835685572805999745
,,3.8161154872,47,3.8199829272,1499,,,,,3.8306612472,1452,3.8306612472,2.838689572805999525
,,3.8199829272,47,3.8253367672,1499,,,,,3.8359844472,1452,3.8359844472,2.844012772805999832
,,3.8253367672,47,3.8276572472,1499,,,,,3.8388985272,1452,3.8388985272,2.84692685280599987
,,3.8276572472,47,3.8306612472,1499,,,,,3.8412969272,1452,3.8412969272,2.849325252805999562
,,3.8306612472,47,3.8359844472,1499,,,,,3.8466561272,1452,3.8466561272,2.854684452805999572
,,3.8359844472,47,3.8388985272,1499,,,,,3.8499895672,1452,3.8499895672,2.858017892806000037
,,3.8388985272,47,3.8412969272,1499,,,,,3.8520282072,1452,3.8520282072,2.860056532805999462
,,3.8412969272,47,3.8466561272,1499,,,,,3.8573586872,1452,3.8573586872,2.865387012805999932
,,3.8466561272,47,3.8499895672,1499,,,,,3.8597263672,1452,3.8597263672,2.867754692805999802
,,3.8499895672,47,3.8520282072,1499,,,,,3.8627638072,1452,3.8627638072,2.870792132805999752
,,3.8520282072,47,3.8573586872,1499,,,,,3.8681309272,1452,3.8681309272,2.876159252805999587
,,3.8573586872,47,3.8597263672,1499,,,,,3.8683767672,1452,3.8683767672,2.876405092805999417
,,3.8597263672,47,3.8627638072,1499,,,,,3.8734278872,1452,3.8734278872,2.881456212805999492
,,3.8627638072,47,3.8681309272,1499,,,,,3.8778050072,1452,3.8778050072,2.885833332805999502
,,3.8681309272,47,3.8683767672,1499,,,,,3.8787763672,1452,3.8787763672,2.886804692805999815
,,3.8683767672,47,3.8734278872,1499,,,,,3.8842106872,1452,3.8842106872,2.892239012805999807
,,3.8734278872,47,3.8778050072,1499,,,,,3.8878682872,1452,3.8878682872,2.895896612806000182
,,3.8778050072,47,3.8787763672,1499,,,,,3.8895569272,1452,3.8895569272,2.897585252805999532
,,3.8787763672,47,3.8842106872,1499,,,,,3.8948475672,1452,3.8948475672,2.902875892805999655
,,3.8842106872,47,3.8878682872,1499,,,,,3.8985409272,1452,3.8985409272,2.906569252805999412
,,3.8878682872,47,3.8895569272,1499,,,,,3.9002198072,1452,3.9002198072,2.908248132805999462
,,3.8895569272,47,3.8948475672,1499,,,,,3.9055888472,1452,3.9055888472,2.913617172806000065
,,3.8948475672,47,3.8985409272,1499,,,,,3.9070518872,1452,3.9070518872,2.915080212806000037
,,3.8985409272,47,3.9002198072,1499,,,,,3.9109013272,1452,3.9109013272,2.918929652805999795
,,3.9002198072,47,3.9055888472,1499,,,,,3.9148966072,1452,3.9148966072,2.922924932805999617
,,3.9055888472,47,3.9070518872,1499,,,,,3.9163536472,1452,3.9163536472,2.924381972805999642
,,3.9070518872,47,3.9109013272,1499,,,,,3.9216204472,1452,3.9216204472,2.929648772805999877
,,3.9109013272,47,3.9148966072,1499,,,,,3.9231914072,1452,3.9231914072,2.931219732805999445
,,3.9148966072,47,3.9163536472,1499,,,,,3.9270186872,1452,3.9270186872,2.935047012805999765
,,3.9163536472,47,3.9216204472,1499,,,,,3.9314166872,1452,3.9314166872,2.939445012805999887
,,3.9216204472,47,3.9231914072,1499,,,,,3.9323760472,1452,3.9323760472,2.940404372805999412
,,3.9231914072,47,3.9270186872,1499,,,,,3.9377125272,1452,3.9377125272,2.945740852805999827
,,3.9270186872,47,3.9314166872,1499,,,,,3.9409762872,1452,3.9409762872,2.949004612806000115
,,3.9314166872,47,3.9323760472,1499,,,,,3.9430607672,1452,3.9430607672,2.951089092805999837
,,3.9323760472,47,3.9377125272,1499,,,,,3.9474657272,1452,3.9474657272,2.955494052805999405
,,3.9377125272,47,3.9409762872,1499,,,,,3.9484310872,1452,3.9484310872,2.956459412805999765
,,3.9409762872,47,3.9430607672,1499,,,,,3.9537394872,1452,3.9537394872,2.961767812805999417
,,3.9430607672,47,3.9474657272,1499,,,,,3.9553224472,1452,3.9553224472,2.963350772805999775
,,3.9474657272,47,3.9484310872,1499,,,,,3.9590819672,1452,3.9590819672,2.967110292805999792
,,3.9484310872,47,3.9537394872,1499,,,,,3.9633078872,1452,3.9633078872,2.971336212805999452
,,3.9537394872,47,3.9553224472,1499,,,,,3.9645130872,1452,3.9645130872,2.972541412805999695
,,3.9553224472,47,3.9590819672,1499,,,,,3.9698662072,1452,3.9698662072,2.97789453280599935
,,3.9590819672,47,3.9633078872,1499,,,,,3.9702259672,1452,3.9702259672,2.978254292805999612
,,3.9633078872,47,3.9645130872,1499,,,,,3.9751764472,1452,3.9751764472,2.983204772805999375
,,3.9645130872,47,3.9698662072,1499,,,,,3.9792306072,1452,3.9792306072,2.987258932806000175
,,3.9698662072,47,3.9702259672,1499,,,,,3.9805497272,1452,3.9805497272,2.988578052805999962
,,3.9702259672,47,3.9751764472,1499,,,,,3.9859606072,1452,3.9859606072,2.993988932805999412
,,3.9751764472,47,3.9792306072,1499,,,,,3.9871718072,1452,3.9871718072,2.995200132805999602
,,3.9792306072,47,3.9805497272,1499,,,,,3.9912550872,1452,3.9912550872,2.999283412806000182
,,3.9805497272,47,3.9859606072,1499,,,,,3.9951272472,1452,3.9951272472,3.003155572805999525
,,3.9859606072,47,3.9871718072,1499,,,,,3.9965842872,1452,3.9965842872,3.00461261280599955
,,3.9871718072,47,3.9912550872,1499,,,,,4.0021463672,1452,4.0021463672,3.01017469280599935
,,3.9912550872,47,3.9951272472,1499,,,,,4.0034714872,1452,4.0034714872,3.01149981280599997
,,3.9951272472,47,3.9965842872,1499,,,,,4.0073629272,1452,4.0073629272,3.015391252805999387
,,3.9965842872,47,4.0021463672,1499,,,,,4.0116322072,1452,4.0116322072,3.019660532806000207
,,4.0021463672,47,4.0034714872,1499,,,,,4.0127114872,1452,4.0127114872,3.020739812806000107
,,4.0034714872,47,4.0073629272,1499,,,,,4.0180419672,1452,4.0180419672,3.02607029280599969
,,4.0073629272,47,4.0116322072,1499,,,,,4.0212955672,1452,4.0212955672,3.02932389280599955
,,4.0116322072,47,4.0127114872,1499,,,,,4.0233800472,1452,4.0233800472,3.031408372806000157
,,4.0127114872,47,4.0180419672,1499,,,,,4.0287411672,1452,4.0287411672,3.03676949280600005
,,4.0180419672,47,4.0212955672,1499,,,,,4.0311534872,1452,4.0311534872,3.039181812805999515
,,4.0212955672,47,4.0233800472,1499,,,,,4.0340435672,1452,4.0340435672,3.042071892805999755
,,4.0233800472,47,4.0287411672,1499,,,,,4.0393800472,1452,4.0393800472,3.047408372806000175
,,4.0287411672,47,4.0311534872,1499,,,,,4.0397398072,1452,4.0397398072,3.04776813280599955
,,4.0311534872,47,4.0340435672,1499,,,,,4.0447715672,1452,4.0447715672,3.05279989280600005
,,4.0340435672,47,4.0393800472,1499,,,,,4.0495002072,1452,4.0495002072,3.057528532805999775
,,4.0393800472,47,4.0397398072,1499,,,,,4.0500998072,1452,4.0500998072,3.058128132805999925
,,4.0397398072,47,4.0447715672,1499,,,,,4.0555262072,1452,4.0555262072,3.063554532806000087
,,4.0447715672,47,4.0495002072,1499,,,,,4.0598467672,1452,4.0598467672,3.067875092806000115
,,4.0495002072,47,4.0500998072,1499,,,,,4.0608061272,1452,4.0608061272,3.068834452805999632
,,4.0500998072,47,4.0555262072,1499,,,,,4.0662991672,1452,4.0662991672,3.074327492805999802
,,4.0555262072,47,4.0598467672,1499,,,,,4.0702685272,1452,4.0702685272,3.078296852805999952
,,4.0598467672,47,4.0608061272,1499,,,,,4.0715936472,1452,4.0715936472,3.079621972805999687
,,4.0608061272,47,4.0662991672,1499,,,,,4.0769260472,1452,4.0769260472,3.08495437280600003
,,4.0662991672,47,4.0702685272,1499,,,,,4.0828558072,1452,4.0828558072,3.090884132805999925
,,4.0702685272,47,4.0715936472,1499,,,,,4.0910823672,1452,4.0910823672,3.099110692805999695
,,4.0715936472,47,4.0769260472,1499,,,,,4.0963926072,1452,4.0963926072,3.104420932805999717
,,4.0769260472,47,4.0828558072,1499,,,,,4.1017110872,1452,4.1017110872,3.109739412805999402
,,4.0828558072,47,4.0910823672,1499,,,,,4.1046406072,1452,4.1046406072,3.112668932805999752
,,4.0910823672,47,4.0963926072,1499,,,,,4.1112247672,1452,4.1112247672,3.119253092805999815
,,4.0963926072,47,4.1017110872,1499,,,,,4.1150909272,1452,4.1150909272,3.1231192528060001
,,4.1017110872,47,4.1046406072,1499,,,,,4.1205413272,1452,4.1205413272,3.128569652806000065
,,4.1046406072,47,4.1112247672,1499,,,,,4.1273465272,1452,4.1273465272,3.13537485280599969
,,4.1112247672,47,4.1150909272,1499,,,,,4.1306710872,1452,4.1306710872,3.138699412805999942
,,4.1150909272,47,4.1205413272,1499,,,,,4.1359835672,1452,4.1359835672,3.144011892805999675
,,4.1205413272,47,4.1273465272,1499,,,,,4.1416896472,1452,4.1416896472,3.149717972806000062
,,4.1273465272,47,4.1306710872,1499,,,,,4.1440558072,1452,4.1440558072,3.152084132805999405
,,4.1306710872,47,4.1359835672,1499,,,,,4.1468559672,1452,4.1468559672,3.1548842928059999
,,4.1359835672,47,4.1416896472,1499,,,,,4.1538372472,1452,4.1538372472,3.161865572805999655
,,4.1416896472,47,4.1440558072,1499,,,,,4.1573569272,1452,4.1573569272,3.165385252805999792
,,4.1440558072,47,4.1468559672,1499,,,,,4.1630389272,1452,4.1630389272,3.17106725280599998
,,4.1468559672,47,4.1538372472,1499,,,,,4.1682554872,1452,4.1682554872,3.176283812806000017
,,4.1538372472,47,4.1573569272,1499,,,,,4.1752288472,1452,4.1752288472,3.183257172805999942
,,4.1573569272,47,4.1630389272,1499,,,,,4.1798398072,1452,4.1798398072,3.187868132805999887
,,4.1630389272,47,4.1682554872,1499,,,,,4.1868467672,1452,4.1868467672,3.194875092805999892
,,4.1682554872,47,4.1752288472,1499,,,,,4.1895407672,1452,4.1895407672,3.197569092805999865
,,4.1752288472,47,4.1798398072,1499,,,,,4.1951248472,1452,4.1951248472,3.203153172806000077
,,4.1798398072,47,4.1868467672,1499,,,,,4.2003294072,1452,4.2003294072,3.208357732805999327
,,4.1868467672,47,4.1895407672,1499,,,,,4.2061622872,1452,4.2061622872,3.214190612806000037
,,4.1895407672,47,4.1951248472,1499,,,,,4.2132653272,1452,4.2132653272,3.22129365280599965
,,4.1951248472,47,4.2003294072,1499,,,,,4.2162933272,1452,4.2162933272,3.224321652806000125
,,4.2003294072,47,4.2061622872,1499,,,,,4.2216212472,1452,4.2216212472,3.229649572806000167
,,4.2061622872,47,4.2132653272,1499,,,,,4.2276365272,1452,4.2276365272,3.2356648528059999
,,4.2132653272,47,4.2162933272,1499,,,,,4.2324393272,1452,4.2324393272,3.240467652806000117
,,4.2162933272,47,4.2216212472,1499,,,,,4.2382602072,1452,4.2382602072,3.246288532806000037
,,4.2216212472,47,4.2276365272,1499,,,,,4.2429670872,1452,4.2429670872,3.25099541280599967
,,4.2276365272,47,4.2324393272,1499,,,,,4.2485434072,1452,4.2485434072,3.25657173280599997
,,4.2324393272,47,4.2382602072,1499,,,,,4.2537179672,1452,4.2537179672,3.261746292805999465
,,4.2382602072,47,4.2429670872,1499,,,,,4.2558945272,1452,4.2558945272,3.263922852806000017
,,4.2429670872,47,4.2485434072,1499,,,,,4.2604874872,1452,4.2604874872,3.268515812806000107
,,4.2485434072,47,4.2537179672,1499,,,,,4.2661837272,1452,4.2661837272,3.274212052805999905
,,4.2537179672,47,4.2558945272,1499,,,,,4.2723236472,1452,4.2723236472,3.280351972805999755
,,4.2558945272,47,4.2604874872,1499,,,,,4.2750998072,1452,4.2750998072,3.283128132805999562
,,4.2604874872,47,4.2661837272,1499,,,,,4.2806641272,1452,4.2806641272,3.288692452805999965
,,4.2661837272,47,4.2723236472,1499,,,,,4.2859364472,1452,4.2859364472,3.293964772805999515
,,4.2723236472,47,4.2750998072,1499,,,,,4.2917106072,1452,4.2917106072,3.29973893280600004
,,4.2750998072,47,4.2806641272,1499,,,,,4.2989454072,1452,4.2989454072,3.306973732806000037
,,4.2806641272,47,4.2859364472,1499,,,,,4.3019614072,1452,4.3019614072,3.309989732805999717
,,4.2859364472,47,4.2917106072,1499,,,,,4.3073634072,1452,4.3073634072,3.315391732805999845
,,4.2917106072,47,4.2989454072,1499,,,,,4.3127658072,1452,4.3127658072,3.320794132806000207
,,4.2989454072,47,4.3019614072,1499,,,,,4.3186377272,1452,4.3186377272,3.326666052805999905
,,4.3019614072,47,4.3073634072,1499,,,,,4.3255807672,1452,4.3255807672,3.333609092805999362
,,4.3073634072,47,4.3127658072,1499,,,,,4.3285939672,1452,4.3285939672,3.336622292806000077
,,4.3127658072,47,4.3186377272,1499,,,,,4.3341282872,1452,4.3341282872,3.342156612805999837
,,4.3186377272,47,4.3255807672,1499,,,,,4.3393388472,1452,4.3393388472,3.347367172805999925
,,4.3255807672,47,4.3285939672,1499,,,,,4.3412575672,1452,4.3412575672,3.349285892805999852
,,4.3285939672,47,4.3341282872,1499,,,,,4.3445134072,1452,4.3445134072,3.352541732805999417
,,4.3341282872,47,4.3393388472,1499,,,,,4.3508092472,1452,4.3508092472,3.358837572805999362
,,4.3393388472,47,4.3412575672,1499,,,,,4.3559958072,1452,4.3559958072,3.364024132805999642
,,4.3412575672,47,4.3445134072,1499,,,,,4.3607146872,1452,4.3607146872,3.368743012806000065
,,4.3445134072,47,4.3508092472,1499,,,,,4.3662970072,1452,4.3662970072,3.37432533280599943
,,4.3508092472,47,4.3559958072,1499,,,,,4.3714655672,1452,4.3714655672,3.379493892805999865
,,4.3559958072,47,4.3607146872,1499,,,,,4.3771438072,1452,4.3771438072,3.385172132805999807
,,4.3607146872,47,4.3662970072,1499,,,,,4.3796921272,1452,4.3796921272,3.387720452805999632
,,4.3662970072,47,4.3714655672,1499,,,,,4.3824622872,1452,4.3824622872,3.390490612805999492
,,4.3714655672,47,4.3771438072,1499,,,,,4.3876788472,1452,4.3876788472,3.395707172805999525
,,4.3771438072,47,4.3796921272,1499,,,,,4.3929109272,1452,4.3929109272,3.400939252805999392
,,4.3796921272,47,4.3824622872,1499,,,,,4.3983553272,1452,4.3983553272,3.406383652805999405
,,4.3824622872,47,4.3876788472,1499,,,,,4.4002920472,1452,4.4002920472,3.40832037280600007
,,4.3876788472,47,4.3929109272,1499,,,,,4.4035516472,1452,4.4035516472,3.411579972805999877
,,4.3929109272,47,4.3983553272,1499,,,,,4.4090782872,1452,4.4090782872,3.417106612806000127
,,4.3983553272,47,4.4002920472,1499,,,,,4.4128078072,1452,4.4128078072,3.420836132805999502
,,4.4002920472,47,4.4035516472,1499,,,,,4.4142528472,1452,4.4142528472,3.422281172805999625
,,4.4035516472,47,4.4090782872,1499,,,,,4.4198231672,1452,4.4198231672,3.427851492805999975
,,4.4090782872,47,4.4128078072,1499,,,,,4.4250442872,1452,4.4250442872,3.433072612805999827
,,4.4128078072,47,4.4142528472,1499,,,,,4.4271129272,1452,4.4271129272,3.4351412528059999
,,4.4142528472,47,4.4198231672,1499,,,,,4.4304766872,1452,4.4304766872,3.43850501280599995
,,4.4198231672,47,4.4250442872,1499,,,,,4.4357276472,1452,4.4357276472,3.443755972805999637
,,4.4250442872,47,4.4271129272,1499,,,,,4.4388875672,1452,4.4388875672,3.446915892805999515
,,4.4271129272,47,4.4304766872,1499,,,,,4.4411720472,1452,4.4411720472,3.449200372805999657
,,4.4304766872,47,4.4357276472,1499,,,,,4.4464267672,1452,4.4464267672,3.454455092805999587
,,4.4357276472,47,4.4388875672,1499,,,,,4.4518590872,1452,4.4518590872,3.459887412806000192
,,4.4388875672,47,4.4411720472,1499,,,,,4.4538655672,1452,4.4538655672,3.461893892805999667
,,4.4411720472,47,4.4464267672,1499,,,,,4.4571334072,1452,4.4571334072,3.465161732806000025
,,4.4464267672,47,4.4518590872,1499,,,,,4.4626512472,1452,4.4626512472,3.470679572805999575
,,4.4518590872,47,4.4538655672,1499,,,,,4.4654394072,1452,4.4654394072,3.473467732806000175
,,4.4538655672,47,4.4571334072,1499,,,,,4.4677945272,1452,4.4677945272,3.47582285280599999
,,4.4571334072,47,4.4626512472,1499,,,,,4.4733156472,1452,4.4733156472,3.48134397280600004
,,4.4626512472,47,4.4654394072,1499,,,,,4.4769918872,1452,4.4769918872,3.48502021280599993
,,4.4654394072,47,4.4677945272,1499,,,,,4.4785628472,1452,4.4785628472,3.48659117280599949
,,4.4677945272,47,4.4733156472,1499,,,,,4.4839294872,1452,4.4839294872,3.491957812805999582
,,4.4733156472,47,4.4769918872,1499,,,,,4.4885451672,1452,4.4885451672,3.496573492806000145
,,4.4769918872,47,4.4785628472,1499,,,,,4.4892646872,1452,4.4892646872,3.49729301280599979
,,4.4785628472,47,4.4839294872,1499,,,,,4.4946410072,1452,4.4946410072,3.502669332805999657
,,4.4839294872,47,4.4885451672,1499,,,,,4.4999882072,1452,4.4999882072,3.508016532805999775
,,4.4885451672,47,4.4892646872,1499,,,,,4.5020328472,1452,4.5020328472,3.51006117280600004
,,4.4892646872,47,4.4946410072,1499,,,,,4.5053006872,1452,4.5053006872,3.513329012805999502
,,4.4946410072,47,4.4999882072,1499,,,,,4.5106071672,1452,4.5106071672,3.51863549280600017
,,4.4999882072,47,4.5020328472,1499,,,,,4.5140968472,1452,4.5140968472,3.522125172805999667
,,4.5020328472,47,4.5053006872,1499,,,,,4.5160335672,1452,4.5160335672,3.524061892805999452
,,4.5053006872,47,4.5106071672,1499,,,,,4.5214719672,1452,4.5214719672,3.529500292805999515
,,4.5106071672,47,4.5140968472,1499,,,,,4.5266932472,1452,4.5266932472,3.534721572806000175
,,4.5140968472,47,4.5160335672,1499,,,,,4.5287378872,1452,4.5287378872,3.53676621280599955
,,4.5160335672,47,4.5214719672,1499,,,,,4.5321016472,1452,4.5321016472,3.540129972805999602
,,4.5214719672,47,4.5266932472,1499,,,,,4.5374261272,1452,4.5374261272,3.545454452806000125
,,4.5266932472,47,4.5287378872,1499,,,,,4.5397286072,1452,4.5397286072,3.547756932806000107
,,4.5287378872,47,4.5321016472,1499,,,,,4.5427386072,1452,4.5427386072,3.550766932805999845
,,4.5321016472,47,4.5374261272,1499,,,,,4.5480775672,1452,4.5480775672,3.556105892805999405
,,4.5374261272,47,4.5397286072,1499,,,,,4.5514450872,1452,4.5514450872,3.559473412805999695
,,4.5397286072,47,4.5427386072,1499,,,,,4.5534106072,1452,4.5534106072,3.561438932805999417
,,4.5427386072,47,4.5480775672,1499,,,,,4.5587578072,1452,4.5587578072,3.566786132805999525
,,4.5480775672,47,4.5514450872,1499,,,,,4.5628530872,1452,4.5628530872,3.570881412806000002
,,4.5514450872,47,4.5534106072,1499,,,,,4.5641722072,1452,4.5641722072,3.572200532805999792
,,4.5534106072,47,4.5587578072,1499,,,,,4.5694042072,1452,4.5694042072,3.577432532806000142
,,4.5587578072,47,4.5628530872,1499,,,,,4.5742130072,1452,4.5742130072,3.582241332805999417
,,4.5628530872,47,4.5641722072,1499,,,,,4.5749325272,1452,4.5749325272,3.582960852805999942
,,4.5641722072,47,4.5694042072,1499,,,,,4.5801705272,1452,4.5801705272,3.588198852805999362
,,4.5694042072,47,4.5742130072,1499,,,,,4.5856457272,1452,4.5856457272,3.59367405280599959
,,4.5742130072,47,4.5749325272,1499,,,,,4.5883019672,1452,4.5883019672,3.596330292805999905
,,4.5749325272,47,4.5801705272,1499,,,,,4.5908262872,1452,4.5908262872,3.598854612805999925
,,4.5801705272,47,4.5856457272,1499,,,,,4.5962586872,1452,4.5962586872,3.60428701280600004
,,4.5856457272,47,4.5883019672,1499,,,,,4.6016910872,1452,4.6016910872,3.609719412806000155
,,4.5883019672,47,4.5908262872,1499,,,,,4.6037464472,1452,4.6037464472,3.611774772806000107
,,4.5908262872,47,4.5962586872,1499,,,,,4.6070262872,1452,4.6070262872,3.615054612805999475
,,4.5962586872,47,4.6016910872,1499,,,,,4.6123087672,1452,4.6123087672,3.620337092805999452
,,4.6016910872,47,4.6037464472,1499,,,,,4.6156965272,1452,4.6156965272,3.623724852806000187
,,4.6037464472,47,4.6070262872,1499,,,,,4.6177531672,1452,4.6177531672,3.625781492805999467
,,4.6070262872,47,4.6123087672,1499,,,,,4.6229397272,1452,4.6229397272,3.630968052805999752
,,4.6123087672,47,4.6156965272,1499,,,,,4.6270697272,1452,4.6270697272,3.635098052805999717
,,4.6156965272,47,4.6177531672,1499,,,,,4.6283888472,1452,4.6283888472,3.636417172805999502
,,4.6177531672,47,4.6229397272,1499,,,,,4.6338070072,1452,4.6338070072,3.641835332806000007
,,4.6229397272,47,4.6270697272,1499,,,,,4.6391529272,1452,4.6391529272,3.647181252805999905
,,4.6270697272,47,4.6283888472,1499,,,,,4.6410776472,1452,4.6410776472,3.649105972805999782
,,4.6283888472,47,4.6338070072,1499,,,,,4.6444474072,1452,4.6444474072,3.652475732805999782
,,4.6338070072,47,4.6391529272,1499,,,,,4.6497947672,1452,4.6497947672,3.657823092805999805
,,4.6391529272,47,4.6410776472,1499,,,,,4.6524330072,1452,4.6524330072,3.660461332805999375
,,4.6410776472,47,4.6444474072,1499,,,,,4.6550892472,1452,4.6550892472,3.66311757280599969
,,4.6444474072,47,4.6497947672,1499,,,,,4.6605737272,1452,4.6605737272,3.668602052805999475
,,4.6497947672,47,4.6524330072,1499,,,,,4.6645528472,1452,4.6645528472,3.672581172805999815
,,4.6524330072,47,4.6550892472,1499,,,,,4.6657760472,1452,4.6657760472,3.673804372805999905
,,4.6550892472,47,4.6605737272,1499,,,,,4.6711964472,1452,4.6711964472,3.679224772806000112
,,4.6605737272,47,4.6645528472,1499,,,,,4.6765089272,1452,4.6765089272,3.684537252805999845
,,4.6645528472,47,4.6657760472,1499,,,,,4.6786914872,1452,4.6786914872,3.686719812805999455
,,4.6657760472,47,4.6711964472,1499,,,,,4.6819413272,1452,4.6819413272,3.689969652805999962
,,4.6711964472,47,4.6765089272,1499,,,,,4.6871645272,1452,4.6871645272,3.695192852805999612
,,4.6765089272,47,4.6786914872,1499,,,,,4.6906542072,1452,4.6906542072,3.698682532806
,,4.6786914872,47,4.6819413272,1499,,,,,4.6926988472,1452,4.6926988472,3.700727172805999367
,,4.6819413272,47,4.6871645272,1499,,,,,4.6978974072,1452,4.6978974072,3.705925732805999562
,,4.6871645272,47,4.6906542072,1499,,,,,4.7020152472,1452,4.7020152472,3.710043572805999707
,,4.6906542072,47,4.6926988472,1499,,,,,4.7033403672,1452,4.7033403672,3.711368692805999445
,,4.6926988472,47,4.6978974072,1499,,,,,4.7086774872,1452,4.7086774872,3.716705812805999525
,,4.6978974072,47,4.7020152472,1499,,,,,4.7133783672,1452,4.7133783672,3.721406692806000095
,,4.7020152472,47,4.7033403672,1499,,,,,4.7141038872,1452,4.7141038872,3.72213221280599969
,,4.7033403672,47,4.7086774872,1499,,,,,4.7193202072,1452,4.7193202072,3.727348532805999412
,,4.7086774872,47,4.7133783672,1499,,,,,4.7247346072,1452,4.7247346072,3.732762932805999675
,,4.7133783672,47,4.7141038872,1499,,,,,4.7271936472,1452,4.7271936472,3.735221972805999415
,,4.7141038872,47,4.7193202072,1499,,,,,4.7300814872,1452,4.7300814872,3.738109812805999942
,,4.7193202072,47,4.7247346072,1499,,,,,4.7355138872,1452,4.7355138872,3.743542212806000065
,,4.7247346072,47,4.7271936472,1499,,,,,4.7394381272,1452,4.7394381272,3.747466452805999977
,,4.7271936472,47,4.7300814872,1499,,,,,4.7407632472,1452,4.7407632472,3.748791572805999707
,,4.7300814872,47,4.7355138872,1499,,,,,4.7460757272,1452,4.7460757272,3.754104052805999445
,,4.7355138872,47,4.7394381272,1499,,,,,4.7513822072,1452,4.7513822072,3.759410532806000107
,,4.7394381272,47,4.7407632472,1499,,,,,4.7517419672,1452,4.7517419672,3.759770292805999487
,,4.7407632472,47,4.7460757272,1499,,,,,4.7568700472,1452,4.7568700472,3.764898372805999912
,,4.7460757272,47,4.7513822072,1499,,,,,4.7621872472,1452,4.7621872472,3.770215572805999377
,,4.7513822072,47,4.7517419672,1499,,,,,4.7654765272,1452,4.7654765272,3.77350485280599999
,,4.7517419672,47,4.7568700472,1499,,,,,4.7676530872,1452,4.7676530872,3.775681412805999655
,,4.7568700472,47,4.7621872472,1499,,,,,4.7728443672,1452,4.7728443672,3.780872692805999677
,,4.7621872472,47,4.7654765272,1499,,,,,4.7768317272,1452,4.7768317272,3.784860052805999665
,,4.7654765272,47,4.7676530872,1499,,,,,4.7782767672,1452,4.7782767672,3.78630509280599979
,,4.7676530872,47,4.7728443672,1499,,,,,4.7835870072,1452,4.7835870072,3.791615332805999815
,,4.7728443672,47,4.7768317272,1499,,,,,4.7890468472,1452,4.7890468472,3.797075172806000142
,,4.7768317272,47,4.7782767672,1499,,,,,4.7917030872,1452,4.7917030872,3.799731412805999562
,,4.7782767672,47,4.7835870072,1499,,,,,4.7942334072,1452,4.7942334072,3.80226173280599953
,,4.7835870072,47,4.7890468472,1499,,,,,4.7997109272,1452,4.7997109272,3.80773925280599988
,,4.7890468472,47,4.7917030872,1499,,,,,4.8050234072,1452,4.8050234072,3.813051732805999607
,,4.7917030872,47,4.7942334072,1499,,,,,4.8072306072,1452,4.8072306072,3.815258932805999577
,,4.7942334072,47,4.7997109272,1499,,,,,4.8104804472,1452,4.8104804472,3.818508772806000077
,,4.7997109272,47,4.8050234072,1499,,,,,4.8156670072,1452,4.8156670072,3.823695332805999475
,,4.8050234072,47,4.8072306072,1499,,,,,4.8191226872,1452,4.8191226872,3.82715101280599955
,,4.8072306072,47,4.8104804472,1499,,,,,4.8211613272,1452,4.8211613272,3.829189652805999857
,,4.8104804472,47,4.8156670072,1499,,,,,4.8263598872,1452,4.8263598872,3.83438821280600005
,,4.8156670072,47,4.8191226872,1499,,,,,4.8306950072,1452,4.8306950072,3.838723332805999515
,,4.8191226872,47,4.8211613272,1499,,,,,4.8319002072,1452,4.8319002072,3.839928532805999755
,,4.8211613272,47,4.8263598872,1499,,,,,4.8371584472,1452,4.8371584472,3.845186772805999612
,,4.8263598872,47,4.8306950072,1499,,,,,4.8425362872,1452,4.8425362872,3.85056461280600003
,,4.8306950072,47,4.8319002072,1499,,,,,4.8463283672,1452,4.8463283672,3.854356692805999332
,,4.8319002072,47,4.8371584472,1499,,,,,4.8477734072,1452,4.8477734072,3.855801732805999452
,,4.8371584472,47,4.8425362872,1499,,,,,4.8533244472,1452,4.8533244472,3.861352772805999737
,,4.8425362872,47,4.8463283672,1499,,,,,4.8585150872,1452,4.8585150872,3.866543412806000095
,,4.8463283672,47,4.8477734072,1499,,,,,4.8599601272,1452,4.8599601272,3.86798845280599933
,,4.8477734072,47,4.8533244472,1499,,,,,4.8639294872,1452,4.8639294872,3.871957812805999467
,,4.8533244472,47,4.8585150872,1499,,,,,4.8692698072,1452,4.8692698072,3.877298132805999645
,,4.8585150872,47,4.8599601272,1499,,,,,4.8725256472,1452,4.8725256472,3.880553972806000095
,,4.8599601272,47,4.8639294872,1499,,,,,4.8746962072,1452,4.8746962072,3.882724532805999815
,,4.8639294872,47,4.8692698072,1499,,,,,4.8800487672,1452,4.8800487672,3.888077092805999327
,,4.8692698072,47,4.8725256472,1499,,,,,4.8853429272,1452,4.8853429272,3.893371252805999367
,,4.8725256472,47,4.8746962072,1499,,,,,4.8874334072,1452,4.8874334072,3.895461732805999927
,,4.8746962072,47,4.8800487672,1499,,,,,4.8906249272,1452,4.8906249272,3.8986532528059996
,,4.8800487672,47,4.8853429272,1499,,,,,4.8960573272,1452,4.8960573272,3.904085652805999707
,,4.8853429272,47,4.8874334072,1499,,,,,4.8987874872,1452,4.8987874872,3.906815812806000192
,,4.8874334072,47,4.8906249272,1499,,,,,4.9013058072,1452,4.9013058072,3.909334132805999377
,,4.8906249272,47,4.8960573272,1499,,,,,4.9067442072,1452,4.9067442072,3.914772532805999445
,,4.8960573272,47,4.8987874872,1499,,,,,4.9099880472,1452,4.9099880472,3.918016372806
,,4.8987874872,47,4.9013058072,1499,,,,,4.9120386872,1452,4.9120386872,3.920067012805999327
,,4.9013058072,47,4.9067442072,1499,,,,,4.9174748472,1452,4.9174748472,3.925503172805999677
,,4.9067442072,47,4.9099880472,1499,,,,,4.9227999672,1452,4.9227999672,3.930828292805999862
,,4.9099880472,47,4.9120386872,1499,,,,,4.9230751672,1452,4.9230751672,3.931103492805999782
,,4.9120386872,47,4.9174748472,1499,,,,,4.9282784472,1452,4.9282784472,3.936306772805999705
,,4.9174748472,47,4.9227999672,1499,,,,,4.9334729272,1452,4.9334729272,3.941501252805999815
,,4.9227999672,47,4.9230751672,1499,,,,,4.9355295672,1452,4.9355295672,3.943557892805999987
,,4.9230751672,47,4.9282784472,1499,,,,,4.9387854072,1452,4.9387854072,3.94681373280599955
,,4.9282784472,47,4.9334729272,1499,,,,,4.9442045272,1452,4.9442045272,3.952232852805999545
,,4.9334729272,47,4.9355295672,1499,,,,,4.9456675672,1452,4.9456675672,3.953695892805999515
,,4.9355295672,47,4.9387854072,1499,,,,,4.9495416472,1452,4.9495416472,3.95756997280599963
,,4.9387854072,47,4.9442045272,1499,,,,,4.9548481272,1452,4.9548481272,3.962876452805999412
,,4.9442045272,47,4.9456675672,1499,,,,,4.9551078872,1452,4.9551078872,3.963136212805999912
,,4.9456675672,47,4.9495416472,1499,,,,,4.9601977272,1452,4.9601977272,3.96822605280600003
,,4.9495416472,47,4.9548481272,1499,,,,,4.9644166872,1452,4.9644166872,3.972445012805999362
,,4.9548481272,47,4.9551078872,1499,,,,,4.9656278872,1452,4.9656278872,3.97365621280599955
,,4.9551078872,47,4.9601977272,1499,,,,,4.9710072472,1452,4.9710072472,3.979035572805999607
,,4.9601977272,47,4.9644166872,1499,,,,,4.9751145272,1452,4.9751145272,3.983142852805999987
,,4.9644166872,47,4.9656278872,1499,,,,,4.9763197272,1452,4.9763197272,3.984348052805999332
,,4.9656278872,47,4.9710072472,1499,,,,,4.9817033272,1452,4.9817033272,3.989731652805999377
,,4.9710072472,47,4.9751145272,1499,,,,,4.9852181272,1452,4.9852181272,3.993246452805999865
,,4.9751145272,47,4.9763197272,1499,,,,,4.9870349272,1452,4.9870349272,3.995063252806000155
,,4.9763197272,47,4.9817033272,1499,,,,,4.9923294072,1452,4.9923294072,4.000357732806000025
,,4.9817033272,47,4.9852181272,1499,,,,,4.9959118072,1452,4.9959118072,4.00394013280599913
,,4.9852181272,47,4.9870349272,1499,,,,,4.9977166072,1452,4.9977166072,4.005744932805999515
,,4.9870349272,47,4.9923294072,1499,,,,,,,,
,,4.9923294072,47,4.9959118072,1499,,,,,,,,
,,4.9959118072,47,4.9977166072,1499,,,,,,,,
,,4.9977166072,47,,,,,,,,,,
