numActiveSessions:vector baselineTestQoS.hostFDO[22].app[0] (#0 - testingConfigurator-0-20240322-13:22:53-30801),,txPk:vector(packetBytes) baselineTestQoS.hostFDO[22].ppp[0].ppp (#0 - testingConfigurator-0-20240322-13:22:53-30801),,rxPkOk:vector(packetBytes) baselineTestQoS.hostFDO[22].ppp[0].ppp (#0 - testingConfigurator-0-20240322-13:22:53-30801),,packetSent:vector(packetBytes) baselineTestQoS.hostFDO[22].app[0] (#0 - testingConfigurator-0-20240322-13:22:53-30801),,rtt:vector baselineTestQoS.hostFDO[22].tcp.conn-223 (#0 - testingConfigurator-0-20240322-13:22:53-30801),,packetReceived:vector(packetBytes) baselineTestQoS.hostFDO[22].app[0] (#0 - testingConfigurator-0-20240322-13:22:53-30801),,endToEndDelay:vector baselineTestQoS.hostFDO[22].app[0] (#0 - testingConfigurator-0-20240322-13:22:53-30801),
0,0,0.266506618359,51,0.346716075959,51,0.346716075959,800,0.426801198359,0.080085122399999985,0.426932734359,1452,0.426932734359,0.040137108800000001
0.266506618359,1,0.346716075959,47,0.426801198359,47,,,,,0.507071994359,1452,0.507071994359,0.120276368800000004
0.426932734359,0,0.346716451959,847,0.426932734359,1499,,,,,0.507191914359,1452,0.507191914359,0.1203962888
,,0.426932734359,47,0.507071994359,1499,,,,,0.587310878359,1452,0.587310878359,0.200515252799999987
,,0.426933110359,47,0.507191914359,1499,,,,,0.587430798359,1452,0.587430798359,0.200635172799999982
,,0.507071994359,47,0.508782483159,47,,,,,0.589147943959,1452,0.589147943959,0.202352318400000007
,,0.507191914359,47,0.587310878359,1499,,,,,0.591827623959,1452,0.591827623959,0.20503199839999997
,,0.587310878359,47,0.587430798359,1499,,,,,0.667549762359,1452,0.667549762359,0.280754136799999941
,,0.587430798359,47,0.589147943959,1499,,,,,0.667669682359,1452,0.667669682359,0.280874056799999992
,,0.589147943959,47,0.591827623959,1499,,,,,0.669385628759,1452,0.669385628759,0.282590003199999937
,,0.591827623959,47,0.667549762359,1499,,,,,0.672064908759,1452,0.672064908759,0.2852692832
,,0.667549762359,47,0.667669682359,1499,,,,,0.674710178402,1452,0.674710178402,0.287914552842999936
,,0.667669682359,47,0.669385628759,1499,,,,,0.67741222587,1452,0.67741222587,0.290616600311000004
,,0.669385628759,47,0.672064908759,1499,,,,,0.680070691415,1452,0.680070691415,0.293275065855999937
,,0.672064908759,47,0.674710178402,1499,,,,,0.682774928476,1452,0.682774928476,0.295979302916999918
,,0.674710178402,47,0.67741222587,1499,,,,,0.747816533172,1452,0.747816533172,0.361020907612999984
,,0.67741222587,47,0.680070691415,1499,,,,,0.748056373172,1452,0.748056373172,0.361260747612999975
,,0.680070691415,47,0.682774928476,1499,,,,,0.749743233559,1452,0.749743233559,0.362947607999999919
,,0.682774928476,47,0.747816533172,1499,,,,,0.752302593559,1452,0.752302593559,0.36550696799999993
,,0.747816533172,47,0.748056373172,1499,,,,,0.755168982402,1452,0.755168982402,0.368373356842999986
,,0.748056373172,47,0.749743233559,1499,,,,,0.75763118987,1452,0.75763118987,0.370835564310999953
,,0.749743233559,47,0.752302593559,1499,,,,,0.760308376215,1452,0.760308376215,0.373512750655999979
,,0.752302593559,47,0.755168982402,1499,,,,,0.763015526058,1452,0.763015526058,0.376219900499000002
,,0.755168982402,47,0.75763118987,1499,,,,,0.765832133276,1452,0.765832133276,0.379036507716999924
,,0.75763118987,47,0.760308376215,1499,,,,,0.768407411934,1452,0.768407411934,0.381611786374999926
,,0.760308376215,47,0.763015526058,1499,,,,,0.771083465148,1452,0.771083465148,0.384287839588999922
,,0.763015526058,47,0.765832133276,1499,,,,,0.773763944348,1452,0.773763944348,0.386968318788999952
,,0.765832133276,47,0.768407411934,1499,,,,,0.776381988034,1452,0.776381988034,0.389586362475000001
,,0.768407411934,47,0.771083465148,1499,,,,,0.779059620086,1452,0.779059620086,0.392263994527000002
,,0.771083465148,47,0.773763944348,1499,,,,,0.781737139286,1452,0.781737139286,0.394941513726999925
,,0.773763944348,47,0.776381988034,1499,,,,,0.784415620086,1452,0.784415620086,0.397619994526999918
,,0.776381988034,47,0.779059620086,1499,,,,,0.828174137972,1452,0.828174137972,0.441378512412999966
,,0.779059620086,47,0.781737139286,1499,,,,,0.828294057972,1452,0.828294057972,0.441498432413000017
,,0.781737139286,47,0.784415620086,1499,,,,,0.829962197559,1452,0.829962197559,0.443166571999999978
,,0.784415620086,47,0.828174137972,1499,,,,,0.832641477559,1452,0.832641477559,0.445845851999999929
,,0.828174137972,47,0.828294057972,1499,,,,,0.835387946402,1452,0.835387946402,0.448592320842999935
,,0.828294057972,47,0.829962197559,1499,,,,,0.83798879467,1452,0.83798879467,0.451193169110999934
,,0.829962197559,47,0.832641477559,1499,,,,,0.840665981015,1452,0.840665981015,0.453870355455999961
,,0.832641477559,47,0.835387946402,1499,,,,,0.843373130858,1452,0.843373130858,0.456577505298999984
,,0.835387946402,47,0.83798879467,1499,,,,,0.846069818076,1452,0.846069818076,0.459274192516999965
,,0.83798879467,47,0.840665981015,1499,,,,,0.848774859676,1452,0.848774859676,0.461979234116999924
,,0.840665981015,47,0.843373130858,1499,,,,,0.851422349148,1452,0.851422349148,0.464626723588999921
,,0.843373130858,47,0.846069818076,1499,,,,,0.854121149148,1452,0.854121149148,0.467325523588999922
,,0.846069818076,47,0.848774859676,1499,,,,,0.856739592834,1452,0.856739592834,0.469943967274999983
,,0.848774859676,47,0.851422349148,1499,,,,,0.859417224886,1452,0.859417224886,0.472621599326999984
,,0.851422349148,47,0.854121149148,1499,,,,,0.862080103286,1452,0.862080103286,0.475284477726999997
,,0.854121149148,47,0.856739592834,1499,,,,,0.864754504086,1452,0.864754504086,0.477958878526999918
,,0.856739592834,47,0.859417224886,1499,,,,,0.867434390066,1452,0.867434390066,0.480638764506999935
,,0.859417224886,47,0.862080103286,1499,,,,,0.870114070066,1452,0.870114070066,0.483318444507000009
,,0.862080103286,47,0.864754504086,1499,,,,,0.872792550866,1452,0.872792550866,0.485996925307000003
,,0.864754504086,47,0.867434390066,1499,,,,,0.875505117586,1452,0.875505117586,0.488709492026999979
,,0.867434390066,47,0.870114070066,1499,,,,,0.878142159186,1452,0.878142159186,0.491346533626999979
,,0.870114070066,47,0.872792550866,1499,,,,,0.880822638386,1452,0.880822638386,0.494027012827000009
,,0.872792550866,47,0.875505117586,1499,,,,,0.883562079186,1452,0.883562079186,0.496766453627000002
,,0.875505117586,47,0.878142159186,1499,,,,,0.886208159186,1452,0.886208159186,0.499412533626999997
,,0.878142159186,47,0.880822638386,1499,,,,,0.889123199986,1452,0.889123199986,0.502327574426999932
,,0.880822638386,47,0.883562079186,1499,,,,,0.891608831533,1452,0.891608831533,0.504813205974000031
,,0.883562079186,47,0.886208159186,1499,,,,,0.894233686527,1452,0.894233686527,0.507438060968000036
,,0.886208159186,47,0.889123199986,1499,,,,,0.896877078828,1452,0.896877078828,0.510081453268999893
,,0.889123199986,47,0.891608831533,1499,,,,,0.89956648309,1452,0.89956648309,0.512770857530999932
,,0.891608831533,47,0.894233686527,1499,,,,,0.90224832389,1452,0.90224832389,0.515452698330999934
,,0.894233686527,47,0.896877078828,1499,,,,,0.905352330772,1452,0.905352330772,0.51855670521300001
,,0.896877078828,47,0.89956648309,1499,,,,,0.907710890772,1452,0.907710890772,0.520915265213000021
,,0.89956648309,47,0.90224832389,1499,,,,,0.910301081559,1452,0.910301081559,0.523505455999999867
,,0.90224832389,47,0.905352330772,1499,,,,,0.912980361559,1452,0.912980361559,0.526184736000000039
,,0.905352330772,47,0.907710890772,1499,,,,,0.915625631202,1452,0.915625631202,0.528830005642999976
,,0.907710890772,47,0.910301081559,1499,,,,,0.91832767867,1452,0.91832767867,0.531532053110999933
,,0.910301081559,47,0.912980361559,1499,,,,,0.921004865015,1452,0.921004865015,0.534209239455999849
,,0.912980361559,47,0.915625631202,1499,,,,,0.923712014858,1452,0.923712014858,0.536916389298999871
,,0.915625631202,47,0.91832767867,1499,,,,,0.926425024476,1452,0.926425024476,0.539629398917000011
,,0.91832767867,47,0.921004865015,1499,,,,,0.929348304476,1452,0.929348304476,0.542552678916999872
,,0.921004865015,47,0.923712014858,1499,,,,,0.931779953948,1452,0.931779953948,0.544984328388999902
,,0.923712014858,47,0.926425024476,1499,,,,,0.934358833948,1452,0.934358833948,0.547563208388999853
,,0.926425024476,47,0.929348304476,1499,,,,,0.937162848034,1452,0.937162848034,0.550367222475000026
,,0.929348304476,47,0.931779953948,1499,,,,,0.939754909686,1452,0.939754909686,0.552959284126999903
,,0.931779953948,47,0.934358833948,1499,,,,,0.942437708086,1452,0.942437708086,0.555642082526999867
,,0.934358833948,47,0.937162848034,1499,,,,,0.945075948086,1452,0.945075948086,0.558280322526999881
,,0.937162848034,47,0.939754909686,1499,,,,,0.947772074866,1452,0.947772074866,0.560976449306999965
,,0.939754909686,47,0.942437708086,1499,,,,,0.950451754866,1452,0.950451754866,0.563656129306999928
,,0.942437708086,47,0.945075948086,1499,,,,,0.953130235666,1452,0.953130235666,0.566334610106999922
,,0.945075948086,47,0.947772074866,1499,,,,,0.955842802386,1452,0.955842802386,0.569047176827000009
,,0.947772074866,47,0.950451754866,1499,,,,,0.958479843986,1452,0.958479843986,0.571684218426999899
,,0.950451754866,47,0.953130235666,1499,,,,,0.961160323186,1452,0.961160323186,0.57436469762700004
,,0.953130235666,47,0.955842802386,1499,,,,,0.963799763986,1452,0.963799763986,0.577004138426999932
,,0.955842802386,47,0.958479843986,1499,,,,,0.966561683986,1452,0.966561683986,0.579766058426999905
,,0.958479843986,47,0.961160323186,1499,,,,,0.969342163986,1452,0.969342163986,0.582546538426999878
,,0.961160323186,47,0.963799763986,1499,,,,,0.971846516333,1452,0.971846516333,0.585050890773999961
,,0.963799763986,47,0.966561683986,1499,,,,,0.974591291327,1452,0.974591291327,0.587795665767999906
,,0.966561683986,47,0.969342163986,1499,,,,,0.977214763628,1452,0.977214763628,0.590419138069000035
,,0.969342163986,47,0.971846516333,1499,,,,,0.97992408789,1452,0.97992408789,0.593128462331000025
,,0.971846516333,47,0.974591291327,1499,,,,,0.98260256789,1452,0.98260256789,0.595806942330999953
,,0.974591291327,47,0.977214763628,1499,,,,,0.986655985972,1452,0.986655985972,0.599860360412999946
,,0.977214763628,47,0.97992408789,1499,,,,,0.988068495572,1452,0.988068495572,0.601272870012999891
,,0.97992408789,47,0.98260256789,1499,,,,,0.990717247159,1452,0.990717247159,0.603921621599999844
,,0.98260256789,47,0.986655985972,1499,,,,,0.993437966359,1452,0.993437966359,0.606642340799999899
,,0.986655985972,47,0.988068495572,1499,,,,,0.997062516002,1452,0.997062516002,0.610266890442999973
,,0.988068495572,47,0.990717247159,1499,,,,,0.99878528347,1452,0.99878528347,0.611989657911000015
,,0.990717247159,47,0.993437966359,1499,,,,,1.001363669015,1452,1.001363669015,0.61456804345599991
,,0.993437966359,47,0.997062516002,1499,,,,,1.004009749015,1452,1.004009749015,0.617214123456000016
,,0.997062516002,47,0.99878528347,1499,,,,,1.006666789276,1452,1.006666789276,0.619871163717000016
,,0.99878528347,47,1.001363669015,1499,,,,,1.009462309276,1452,1.009462309276,0.622666683716999844
,,1.001363669015,47,1.004009749015,1499,,,,,1.012017638748,1452,1.012017638748,0.625222013188999834
,,1.004009749015,47,1.006666789276,1499,,,,,1.014735958748,1452,1.014735958748,0.627940333188999885
,,1.006666789276,47,1.009462309276,1499,,,,,1.017617892034,1452,1.017617892034,0.630822266474999835
,,1.009462309276,47,1.012017638748,1499,,,,,1.020012514486,1452,1.020012514486,0.633216888927000007
,,1.012017638748,47,1.014735958748,1499,,,,,1.023436008086,1452,1.023436008086,0.636640382526999946
,,1.014735958748,47,1.017617892034,1499,,,,,1.025474648086,1452,1.025474648086,0.638679022527000037
,,1.017617892034,47,1.020012514486,1499,,,,,1.028128480466,1452,1.028128480466,0.64133285490699987
,,1.020012514486,47,1.023436008086,1499,,,,,1.030751680466,1452,1.030751680466,0.643956054907000028
,,1.023436008086,47,1.025474648086,1499,,,,,1.033476080466,1452,1.033476080466,0.646680454906999988
,,1.025474648086,47,1.028128480466,1499,,,,,1.036114320466,1452,1.036114320466,0.649318694907000001
,,1.028128480466,47,1.030751680466,1499,,,,,1.038837448786,1452,1.038837448786,0.652041823226999991
,,1.030751680466,47,1.033476080466,1499,,,,,1.041431158386,1452,1.041431158386,0.65463553282699993
,,1.033476080466,47,1.036114320466,1499,,,,,1.044137448786,1452,1.044137448786,0.657341823226999851
,,1.036114320466,47,1.038837448786,1499,,,,,1.046779768786,1452,1.046779768786,0.659984143226999939
,,1.038837448786,47,1.041431158386,1499,,,,,1.050519288786,1452,1.050519288786,0.663723663227000046
,,1.041431158386,47,1.044137448786,1499,,,,,1.052146121933,1452,1.052146121933,0.665350496374000008
,,1.044137448786,47,1.046779768786,1499,,,,,1.054830175327,1452,1.054830175327,0.668034549768000027
,,1.046779768786,47,1.050519288786,1499,,,,,1.057553647628,1452,1.057553647628,0.670758022068999922
,,1.050519288786,47,1.052146121933,1499,,,,,1.06016177269,1452,1.06016177269,0.673366147130999955
,,1.052146121933,47,1.054830175327,1499,,,,,1.06284025269,1452,1.06284025269,0.676044627130999883
,,1.054830175327,47,1.057553647628,1499,,,,,1.066897829972,1452,1.066897829972,0.680102204412999841
,,1.057553647628,47,1.06016177269,1499,,,,,1.068336869972,1452,1.068336869972,0.68154124441300001
,,1.06016177269,47,1.06284025269,1499,,,,,1.070977226359,1452,1.070977226359,0.684181600799999897
,,1.06284025269,47,1.066897829972,1499,,,,,1.073672852759,1452,1.073672852759,0.686877227199999881
,,1.066897829972,47,1.068336869972,1499,,,,,1.077010261935,1452,1.077010261935,0.690214636376
,,1.068336869972,47,1.070977226359,1499,,,,,1.079019320802,1452,1.079019320802,0.692223695242999867
,,1.070977226359,47,1.073672852759,1499,,,,,1.082619274615,1452,1.082619274615,0.695823649055999912
,,1.073672852759,47,1.077010261935,1499,,,,,1.084367033815,1452,1.084367033815,0.697571408255999834
,,1.077010261935,47,1.079019320802,1499,,,,,1.088597063658,1452,1.088597063658,0.701801438098999861
,,1.079019320802,47,1.082619274615,1499,,,,,1.089676343658,1452,1.089676343658,0.702880718098999986
,,1.082619274615,47,1.084367033815,1499,,,,,1.092894263658,1452,1.092894263658,0.706098638098999972
,,1.084367033815,47,1.088597063658,1499,,,,,1.095097943658,1452,1.095097943658,0.708302318099000012
,,1.088597063658,47,1.089676343658,1499,,,,,1.098813737634,1452,1.098813737634,0.712018112074999985
,,1.089676343658,47,1.092894263658,1499,,,,,1.100472697634,1452,1.100472697634,0.713677072074999859
,,1.092894263658,47,1.095097943658,1499,,,,,1.104789817634,1452,1.104789817634,0.717994192074999922
,,1.095097943658,47,1.098813737634,1499,,,,,1.107173177634,1452,1.107173177634,0.72037755207499998
,,1.098813737634,47,1.100472697634,1499,,,,,1.110294857634,1452,1.110294857634,0.723499232074999994
,,1.100472697634,47,1.104789817634,1499,,,,,1.112093657634,1452,1.112093657634,0.725298032074999985
,,1.104789817634,47,1.107173177634,1499,,,,,1.115556297634,1452,1.115556297634,0.728760672074999945
,,1.107173177634,47,1.110294857634,1499,,,,,1.117478777634,1452,1.117478777634,0.730683152074999894
,,1.110294857634,47,1.112093657634,1499,,,,,1.120356857634,1452,1.120356857634,0.733561232075000011
,,1.112093657634,47,1.115556297634,1499,,,,,1.121799657634,1452,1.121799657634,0.735004032074999978
,,1.115556297634,47,1.117478777634,1499,,,,,1.125041257634,1452,1.125041257634,0.738245632074999932
,,1.117478777634,47,1.120356857634,1499,,,,,1.127079897634,1452,1.127079897634,0.740284272075000023
,,1.120356857634,47,1.121799657634,1499,,,,,1.130906057634,1452,1.130906057634,0.744110432075000046
,,1.121799657634,47,1.125041257634,1499,,,,,1.132465017634,1452,1.132465017634,0.745669392074999934
,,1.125041257634,47,1.127079897634,1499,,,,,1.135942697634,1452,1.135942697634,0.749147072074999972
,,1.127079897634,47,1.130906057634,1499,,,,,1.137831337634,1452,1.137831337634,0.751035712074999969
,,1.130906057634,47,1.132465017634,1499,,,,,1.142148457634,1452,1.142148457634,0.755352832075000031
,,1.132465017634,47,1.135942697634,1499,,,,,1.143227737634,1452,1.143227737634,0.756432112074999936
,,1.135942697634,47,1.137831337634,1499,,,,,1.147672297634,1452,1.147672297634,0.760876672074999978
,,1.137831337634,47,1.142148457634,1499,,,,,1.150070697634,1452,1.150070697634,0.763275072074999891
,,1.142148457634,47,1.143227737634,1499,,,,,1.153188617634,1452,1.153188617634,0.766392992074999887
,,1.143227737634,47,1.147672297634,1499,,,,,1.156306537634,1452,1.156306537634,0.769510912074999883
,,1.147672297634,47,1.150070697634,1499,,,,,1.158468857634,1452,1.158468857634,0.771673232074999934
,,1.150070697634,47,1.153188617634,1499,,,,,1.162905897634,1452,1.162905897634,0.776110272074999938
,,1.153188617634,47,1.156306537634,1499,,,,,1.163865257634,1452,1.163865257634,0.777069632074999901
,,1.156306537634,47,1.158468857634,1499,,,,,1.169250377634,1452,1.169250377634,0.782454752075000034
,,1.158468857634,47,1.162905897634,1499,,,,,1.172611897634,1452,1.172611897634,0.78581627207499993
,,1.162905897634,47,1.163865257634,1499,,,,,1.174654297634,1452,1.174654297634,0.787858672075000041
,,1.163865257634,47,1.169250377634,1499,,,,,1.179930777634,1452,1.179930777634,0.793135152074999847
,,1.169250377634,47,1.172611897634,1499,,,,,1.181010057634,1452,1.181010057634,0.794214432074999973
,,1.172611897634,47,1.174654297634,1499,,,,,1.185207257634,1452,1.185207257634,0.798411632074999873
,,1.174654297634,47,1.179930777634,1499,,,,,1.190607417634,1452,1.190607417634,0.803811792074999861
,,1.179930777634,47,1.181010057634,1499,,,,,1.196127497634,1452,1.196127497634,0.809331872075000011
,,1.181010057634,47,1.185207257634,1499,,,,,1.199605177634,1452,1.199605177634,0.812809552075000048
,,1.185207257634,47,1.190607417634,1499,,,,,1.201284057634,1452,1.201284057634,0.814488432074999875
,,1.190607417634,47,1.196127497634,1499,,,,,1.207040217634,1452,1.207040217634,0.820244592074999887
,,1.196127497634,47,1.199605177634,1499,,,,,1.212200537634,1452,1.212200537634,0.825404912074999993
,,1.199605177634,47,1.201284057634,1499,,,,,1.217600697634,1452,1.217600697634,0.830805072074999981
,,1.201284057634,47,1.207040217634,1499,,,,,1.221921577634,1452,1.221921577634,0.835125952074999841
,,1.207040217634,47,1.212200537634,1499,,,,,1.223000857634,1452,1.223000857634,0.836205232074999967
,,1.212200537634,47,1.217600697634,1499,,,,,1.227917577634,1452,1.227917577634,0.841121952074999953
,,1.217600697634,47,1.221921577634,1499,,,,,1.233557577634,1452,1.233557577634,0.846761952075000043
,,1.221921577634,47,1.223000857634,1499,,,,,1.238834057634,1452,1.238834057634,0.852038432074999847
,,1.223000857634,47,1.227917577634,1499,,,,,1.242915097634,1452,1.242915097634,0.85611947207500005
,,1.227917577634,47,1.233557577634,1499,,,,,1.243994377634,1452,1.243994377634,0.857198752074999954
,,1.233557577634,47,1.238834057634,1499,,,,,1.249514457634,1452,1.249514457634,0.862718832074999882
,,1.238834057634,47,1.242915097634,1499,,,,,1.255015737634,1452,1.255015737634,0.868220112074999935
,,1.242915097634,47,1.243994377634,1499,,,,,1.260052377634,1452,1.260052377634,0.873256752074999861
,,1.243994377634,47,1.249514457634,1499,,,,,1.265808537634,1452,1.265808537634,0.879012912074999871
,,1.249514457634,47,1.255015737634,1499,,,,,1.269645977634,1452,1.269645977634,0.882850352074999951
,,1.255015737634,47,1.260052377634,1499,,,,,1.270965097634,1452,1.270965097634,0.884169472074999958
,,1.260052377634,47,1.265808537634,1499,,,,,1.276361497634,1452,1.276361497634,0.889565872074999926
,,1.265808537634,47,1.269645977634,1499,,,,,1.281637977634,1452,1.281637977634,0.894842352074999953
,,1.269645977634,47,1.270965097634,1499,,,,,1.287139257634,1452,1.287139257634,0.900343632075000007
,,1.270965097634,47,1.276361497634,1499,,,,,1.292535657634,1452,1.292535657634,0.905740032074999975
,,1.276361497634,47,1.281637977634,1499,,,,,1.296013337634,1452,1.296013337634,0.909217712075000012
,,1.281637977634,47,1.287139257634,1499,,,,,1.297932057634,1452,1.297932057634,0.911136432074999941
,,1.287139257634,47,1.292535657634,1499,,,,,1.303208537634,1452,1.303208537634,0.91641291207499997
,,1.292535657634,47,1.296013337634,1499,,,,,1.308485017634,1452,1.308485017634,0.921689392075
,,1.296013337634,47,1.297932057634,1499,,,,,1.313761497634,1452,1.313761497634,0.926965872075000025
,,1.297932057634,47,1.303208537634,1499,,,,,1.319037977634,1452,1.319037977634,0.932242352074999831
,,1.303208537634,47,1.308485017634,1499,,,,,1.324554297634,1452,1.324554297634,0.937758672074999961
,,1.308485017634,47,1.313761497634,1499,,,,,1.329950697634,1452,1.329950697634,0.943155072074999926
,,1.313761497634,47,1.319037977634,1499,,,,,1.335111017634,1452,1.335111017634,0.948315392075000037
,,1.319037977634,47,1.324554297634,1499,,,,,1.339667977634,1452,1.339667977634,0.952872352074999981
,,1.324554297634,47,1.329950697634,1499,,,,,1.340627337634,1452,1.340627337634,0.953831712074999945
,,1.329950697634,47,1.335111017634,1499,,,,,1.345903817634,1452,1.345903817634,0.959108192074999973
,,1.335111017634,47,1.339667977634,1499,,,,,1.351180297634,1452,1.351180297634,0.964384672075
,,1.339667977634,47,1.340627337634,1499,,,,,1.356801497634,1452,1.356801497634,0.970005872074999993
,,1.340627337634,47,1.345903817634,1499,,,,,1.362077977634,1452,1.362077977634,0.97528235207500002
,,1.345903817634,47,1.351180297634,1499,,,,,1.367717977634,1452,1.367717977634,0.980922352074999888
,,1.351180297634,47,1.356801497634,1499,,,,,1.372754617634,1452,1.372754617634,0.985958992075000036
,,1.356801497634,47,1.362077977634,1499,,,,,1.378031097634,1452,1.378031097634,0.991235472074999841
,,1.362077977634,47,1.367717977634,1499,,,,,1.383307577634,1452,1.383307577634,0.996511952074999868
,,1.367717977634,47,1.372754617634,1499,,,,,1.388943817634,1452,1.388943817634,1.002148192074999938
,,1.372754617634,47,1.378031097634,1499,,,,,1.394205257634,1452,1.394205257634,1.00740963207499989
,,1.378031097634,47,1.383307577634,1499,,,,,1.399841497634,1452,1.399841497634,1.013045872074999739
,,1.383307577634,47,1.388943817634,1499,,,,,1.404878137634,1452,1.404878137634,1.018082512074999887
,,1.388943817634,47,1.394205257634,1499,,,,,1.410514377634,1452,1.410514377634,1.023718752074999734
,,1.394205257634,47,1.399841497634,1499,,,,,1.415790857634,1452,1.415790857634,1.028995232074999761
,,1.399841497634,47,1.404878137634,1499,,,,,1.421547017634,1452,1.421547017634,1.034751392074999993
,,1.404878137634,47,1.410514377634,1499,,,,,1.424545017634,1452,1.424545017634,1.037749392074999829
,,1.410514377634,47,1.415790857634,1499,,,,,1.426343817634,1452,1.426343817634,1.039548192074999816
,,1.415790857634,47,1.421547017634,1499,,,,,1.431860137634,1452,1.431860137634,1.045064512074999726
,,1.421547017634,47,1.424545017634,1499,,,,,1.437140377634,1452,1.437140377634,1.050344752074999993
,,1.424545017634,47,1.426343817634,1499,,,,,1.442656697634,1452,1.442656697634,1.055861072074999903
,,1.426343817634,47,1.431860137634,1499,,,,,1.447813257634,1452,1.447813257634,1.06101763207499999
,,1.431860137634,47,1.437140377634,1499,,,,,1.453089737634,1452,1.453089737634,1.066294112075000017
,,1.437140377634,47,1.442656697634,1499,,,,,1.458486137634,1452,1.458486137634,1.071690512074999988
,,1.442656697634,47,1.447813257634,1499,,,,,1.464002457634,1452,1.464002457634,1.077206832074999892
,,1.447813257634,47,1.453089737634,1499,,,,,1.469398857634,1452,1.469398857634,1.082603232074999863
,,1.453089737634,47,1.458486137634,1499,,,,,1.474799017634,1452,1.474799017634,1.08800339207500007
,,1.458486137634,47,1.464002457634,1499,,,,,1.479715737634,1452,1.479715737634,1.092920112074999834
,,1.464002457634,47,1.469398857634,1499,,,,,1.485232057634,1452,1.485232057634,1.098436432074999741
,,1.469398857634,47,1.474799017634,1499,,,,,1.490253657634,1452,1.490253657634,1.103458032074999813
,,1.474799017634,47,1.479715737634,1499,,,,,1.496129737634,1452,1.496129737634,1.109334112074999985
,,1.479715737634,47,1.485232057634,1499,,,,,1.501166377634,1452,1.501166377634,1.114370752074999688
,,1.485232057634,47,1.490253657634,1499,,,,,1.507042457634,1452,1.507042457634,1.12024683207499986
,,1.490253657634,47,1.496129737634,1499,,,,,1.511839257634,1452,1.511839257634,1.125043632074999683
,,1.496129737634,47,1.501166377634,1499,,,,,1.517595417634,1452,1.517595417634,1.130799792074999914
,,1.501166377634,47,1.507042457634,1499,,,,,1.522512137634,1452,1.522512137634,1.13571651207499968
,,1.507042457634,47,1.511839257634,1499,,,,,1.528028457634,1452,1.528028457634,1.141232832075000031
,,1.511839257634,47,1.517595417634,1499,,,,,1.533065097634,1452,1.533065097634,1.146269472074999736
,,1.517595417634,47,1.522512137634,1499,,,,,1.538926137634,1452,1.538926137634,1.152130512074999829
,,1.522512137634,47,1.528028457634,1499,,,,,1.543962777634,1452,1.543962777634,1.157167152074999976
,,1.528028457634,47,1.533065097634,1499,,,,,1.549479097634,1452,1.549479097634,1.162683472074999885
,,1.533065097634,47,1.538926137634,1499,,,,,1.554500697634,1452,1.554500697634,1.167705072074999956
,,1.538926137634,47,1.543962777634,1499,,,,,1.560496697634,1452,1.560496697634,1.17370107207500007
,,1.543962777634,47,1.549479097634,1499,,,,,1.565413417634,1452,1.565413417634,1.178617792074999831
,,1.549479097634,47,1.554500697634,1499,,,,,1.570813577634,1452,1.570813577634,1.184017952075000041
,,1.554500697634,47,1.560496697634,1499,,,,,1.576090057634,1452,1.576090057634,1.18929443207500007
,,1.560496697634,47,1.565413417634,1499,,,,,1.581951097634,1452,1.581951097634,1.195155472074999722
,,1.565413417634,47,1.570813577634,1499,,,,,1.585908457634,1452,1.585908457634,1.199112832074999962
,,1.570813577634,47,1.576090057634,1499,,,,,1.586627977634,1452,1.586627977634,1.199832352075000046
,,1.576090057634,47,1.581951097634,1499,,,,,1.592264217634,1452,1.592264217634,1.205468592074999896
,,1.581951097634,47,1.585908457634,1499,,,,,1.597300857634,1452,1.597300857634,1.210505232075000043
,,1.585908457634,47,1.586627977634,1499,,,,,1.603296857634,1452,1.603296857634,1.216501232074999712
,,1.586627977634,47,1.592264217634,1499,,,,,1.608213577634,1452,1.608213577634,1.221417952074999918
,,1.592264217634,47,1.597300857634,1499,,,,,1.613969737634,1452,1.613969737634,1.227174112074999707
,,1.597300857634,47,1.603296857634,1499,,,,,1.619010137634,1452,1.619010137634,1.232214512075000097
,,1.603296857634,47,1.608213577634,1499,,,,,1.624646377634,1452,1.624646377634,1.237850752074999943
,,1.608213577634,47,1.613969737634,1499,,,,,1.629443177634,1452,1.629443177634,1.242647552074999766
,,1.613969737634,47,1.619010137634,1499,,,,,1.635682777634,1452,1.635682777634,1.248887152075
,,1.619010137634,47,1.624646377634,1499,,,,,1.640359657634,1452,1.640359657634,1.253564032074999885
,,1.624646377634,47,1.629443177634,1499,,,,,1.646235737634,1452,1.646235737634,1.259440112075000057
,,1.629443177634,47,1.635682777634,1499,,,,,1.651032537634,1452,1.651032537634,1.26423691207499988
,,1.635682777634,47,1.640359657634,1499,,,,,1.656788697634,1452,1.656788697634,1.26999307207499967
,,1.640359657634,47,1.646235737634,1499,,,,,1.661829097634,1452,1.661829097634,1.275033472075000057
,,1.646235737634,47,1.651032537634,1499,,,,,1.667585257634,1452,1.667585257634,1.280789632074999845
,,1.651032537634,47,1.656788697634,1499,,,,,1.672621897634,1452,1.672621897634,1.285826272074999993
,,1.656788697634,47,1.661829097634,1499,,,,,1.679217497634,1452,1.679217497634,1.292421872074999806
,,1.661829097634,47,1.667585257634,1499,,,,,1.683294777634,1452,1.683294777634,1.296499152074999988
,,1.667585257634,47,1.672621897634,1499,,,,,1.689050937634,1452,1.689050937634,1.302255312074999776
,,1.672621897634,47,1.679217497634,1499,,,,,1.693967657634,1452,1.693967657634,1.307172032074999985
,,1.679217497634,47,1.683294777634,1499,,,,,1.699603897634,1452,1.699603897634,1.312808272074999831
,,1.683294777634,47,1.689050937634,1499,,,,,1.704400697634,1452,1.704400697634,1.317605072075000098
,,1.689050937634,47,1.693967657634,1499,,,,,1.710036937634,1452,1.710036937634,1.323241312074999947
,,1.693967657634,47,1.699603897634,1499,,,,,1.715313417634,1452,1.715313417634,1.328517792074999976
,,1.699603897634,47,1.704400697634,1499,,,,,1.720949657634,1452,1.720949657634,1.334154032074999825
,,1.704400697634,47,1.710036937634,1499,,,,,1.725986297634,1452,1.725986297634,1.339190672074999972
,,1.710036937634,47,1.715313417634,1499,,,,,1.731742457634,1452,1.731742457634,1.34494683207499976
,,1.715313417634,47,1.720949657634,1499,,,,,1.736659177634,1452,1.736659177634,1.349863552074999968
,,1.720949657634,47,1.725986297634,1499,,,,,1.742175497634,1452,1.742175497634,1.355379872074999876
,,1.725986297634,47,1.731742457634,1499,,,,,1.747212137634,1452,1.747212137634,1.360416512075000023
,,1.731742457634,47,1.736659177634,1499,,,,,1.753088217634,1452,1.753088217634,1.366292592074999751
,,1.736659177634,47,1.742175497634,1499,,,,,1.758124857634,1452,1.758124857634,1.3713292320749999
,,1.742175497634,47,1.747212137634,1499,,,,,1.763761097634,1452,1.763761097634,1.376965472074999747
,,1.747212137634,47,1.753088217634,1499,,,,,1.768797737634,1452,1.768797737634,1.382002112074999896
,,1.753088217634,47,1.758124857634,1499,,,,,1.774299017634,1452,1.774299017634,1.387503392074999723
,,1.758124857634,47,1.763761097634,1499,,,,,1.779335657634,1452,1.779335657634,1.392540032074999872
,,1.763761097634,47,1.768797737634,1499,,,,,1.785211737634,1452,1.785211737634,1.398416112075000045
,,1.768797737634,47,1.774299017634,1499,,,,,1.790248377634,1452,1.790248377634,1.403452752074999747
,,1.774299017634,47,1.779335657634,1499,,,,,1.795884617634,1452,1.795884617634,1.409088992075000038
,,1.779335657634,47,1.785211737634,1499,,,,,1.800921257634,1452,1.800921257634,1.414125632074999743
,,1.785211737634,47,1.790248377634,1499,,,,,1.806677417634,1452,1.806677417634,1.419881792074999976
,,1.790248377634,47,1.795884617634,1499,,,,,1.811474217634,1452,1.811474217634,1.424678592074999798
,,1.795884617634,47,1.800921257634,1499,,,,,1.817350297634,1452,1.817350297634,1.43055467207499997
,,1.800921257634,47,1.806677417634,1499,,,,,1.822371897634,1452,1.822371897634,1.435576272075000043
,,1.806677417634,47,1.811474217634,1499,,,,,1.828008137634,1452,1.828008137634,1.44121251207499989
,,1.811474217634,47,1.817350297634,1499,,,,,1.833044777634,1452,1.833044777634,1.446249152075000035
,,1.817350297634,47,1.822371897634,1499,,,,,1.838800937634,1452,1.838800937634,1.452005312074999825
,,1.822371897634,47,1.828008137634,1499,,,,,1.843597737634,1452,1.843597737634,1.456802112075000093
,,1.828008137634,47,1.833044777634,1499,,,,,1.849473817634,1452,1.849473817634,1.462678192074999821
,,1.833044777634,47,1.838800937634,1499,,,,,1.854394297634,1452,1.854394297634,1.467598672074999827
,,1.838800937634,47,1.843597737634,1499,,,,,1.860270377634,1452,1.860270377634,1.473474752075
,,1.843597737634,47,1.849473817634,1499,,,,,1.865187097634,1452,1.865187097634,1.478391472074999762
,,1.849473817634,47,1.854394297634,1499,,,,,1.870583497634,1452,1.870583497634,1.483787872074999727
,,1.854394297634,47,1.860270377634,1499,,,,,1.875859977634,1452,1.875859977634,1.489064352074999756
,,1.860270377634,47,1.865187097634,1499,,,,,1.881616137634,1452,1.881616137634,1.494820512074999988
,,1.865187097634,47,1.870583497634,1499,,,,,1.886412937634,1452,1.886412937634,1.499617312074999813
,,1.870583497634,47,1.875859977634,1499,,,,,1.892289017634,1452,1.892289017634,1.505493392074999983
,,1.875859977634,47,1.881616137634,1499,,,,,1.897325657634,1452,1.897325657634,1.510530032074999688
,,1.881616137634,47,1.886412937634,1499,,,,,1.903085577634,1452,1.903085577634,1.516289952074999718
,,1.886412937634,47,1.892289017634,1499,,,,,1.908002297634,1452,1.908002297634,1.521206672074999926
,,1.892289017634,47,1.897325657634,1499,,,,,1.913518617634,1452,1.913518617634,1.526722992074999833
,,1.897325657634,47,1.903085577634,1499,,,,,1.918675177634,1452,1.918675177634,1.531879552074999921
,,1.903085577634,47,1.908002297634,1499,,,,,1.924191497634,1452,1.924191497634,1.537395872074999828
,,1.908002297634,47,1.913518617634,1499,,,,,1.929228137634,1452,1.929228137634,1.542432512074999981
,,1.913518617634,47,1.918675177634,1499,,,,,1.935104217634,1452,1.935104217634,1.548308592074999707
,,1.918675177634,47,1.924191497634,1499,,,,,1.940140857634,1452,1.940140857634,1.553345232074999853
,,1.924191497634,47,1.929228137634,1499,,,,,1.945777097634,1452,1.945777097634,1.558981472074999702
,,1.929228137634,47,1.935104217634,1499,,,,,1.950813737634,1452,1.950813737634,1.564018112074999847
,,1.935104217634,47,1.940140857634,1499,,,,,1.956674777634,1452,1.956674777634,1.569879152074999943
,,1.940140857634,47,1.945777097634,1499,,,,,1.961351657634,1452,1.961351657634,1.574556032074999827
,,1.945777097634,47,1.950813737634,1499,,,,,1.967332617634,1452,1.967332617634,1.580536992074999862
,,1.950813737634,47,1.956674777634,1499,,,,,1.971170057634,1452,1.971170057634,1.58437443207499972
,,1.956674777634,47,1.961351657634,1499,,,,,1.972249337634,1452,1.972249337634,1.585453712075000071
,,1.961351657634,47,1.967332617634,1499,,,,,1.977885577634,1452,1.977885577634,1.591089952074999916
,,1.967332617634,47,1.971170057634,1499,,,,,1.982922217634,1452,1.982922217634,1.596126592075000066
,,1.971170057634,47,1.972249337634,1499,,,,,1.988678377634,1452,1.988678377634,1.601882752074999853
,,1.972249337634,47,1.977885577634,1499,,,,,1.993475177634,1452,1.993475177634,1.606679552074999677
,,1.977885577634,47,1.982922217634,1499,,,,,1.999351257634,1452,1.999351257634,1.61255563207499985
,,1.982922217634,47,1.988678377634,1499,,,,,2.004372857634,1452,2.004372857634,1.617577232074999921
,,1.988678377634,47,1.993475177634,1499,,,,,2.010009097634,1452,2.010009097634,1.62321347207499977
,,1.993475177634,47,1.999351257634,1499,,,,,2.015045737634,1452,2.015045737634,1.628250112074999913
,,1.999351257634,47,2.004372857634,1499,,,,,2.020801897634,1452,2.020801897634,1.634006272074999702
,,2.004372857634,47,2.010009097634,1499,,,,,2.025598697634,1452,2.025598697634,1.63880307207499997
,,2.010009097634,47,2.015045737634,1499,,,,,2.031474777634,1452,2.031474777634,1.644679152074999702
,,2.015045737634,47,2.020801897634,1499,,,,,2.036511417634,1452,2.036511417634,1.64971579207499985
,,2.020801897634,47,2.025598697634,1499,,,,,2.042391257634,1452,2.042391257634,1.655595632074999816
,,2.025598697634,47,2.031474777634,1499,,,,,2.047191817634,1452,2.047191817634,1.660396192074999878
,,2.031474777634,47,2.036511417634,1499,,,,,2.053037817634,1452,2.053037817634,1.666242192074999897
,,2.036511417634,47,2.042391257634,1499,,,,,2.057714697634,1452,2.057714697634,1.670919072074999782
,,2.042391257634,47,2.047191817634,1499,,,,,2.063590777634,1452,2.063590777634,1.676795152074999956
,,2.047191817634,47,2.053037817634,1499,,,,,2.068627417634,1452,2.068627417634,1.681831792075000103
,,2.053037817634,47,2.057714697634,1499,,,,,2.074263657634,1452,2.074263657634,1.687468032074999951
,,2.057714697634,47,2.063590777634,1499,,,,,2.079300297634,1452,2.079300297634,1.692504672075000097
,,2.063590777634,47,2.068627417634,1499,,,,,2.084820377634,1452,2.084820377634,1.698024752074999803
,,2.068627417634,47,2.074263657634,1499,,,,,2.089857017634,1452,2.089857017634,1.703061392074999952
,,2.074263657634,47,2.079300297634,1499,,,,,2.095733097634,1452,2.095733097634,1.708937472074999676
,,2.079300297634,47,2.084820377634,1499,,,,,2.100769737634,1452,2.100769737634,1.713974112074999827
,,2.084820377634,47,2.089857017634,1499,,,,,2.106525897634,1452,2.106525897634,1.719730272075000058
,,2.089857017634,47,2.095733097634,1499,,,,,2.111442617634,1452,2.111442617634,1.724646992074999822
,,2.095733097634,47,2.100769737634,1499,,,,,2.116958937634,1452,2.116958937634,1.730163312074999731
,,2.100769737634,47,2.106525897634,1499,,,,,2.122115497634,1452,2.122115497634,1.735319872074999816
,,2.106525897634,47,2.111442617634,1499,,,,,2.127991577634,1452,2.127991577634,1.741195952074999988
,,2.111442617634,47,2.116958937634,1499,,,,,2.133035737634,1452,2.133035737634,1.746240112074999731
,,2.116958937634,47,2.122115497634,1499,,,,,2.138552057634,1452,2.138552057634,1.751756432075000083
,,2.122115497634,47,2.127991577634,1499,,,,,2.143708617634,1452,2.143708617634,1.756912992074999727
,,2.127991577634,47,2.133035737634,1499,,,,,2.149105017634,1452,2.149105017634,1.762309392074999695
,,2.133035737634,47,2.138552057634,1499,,,,,2.154381497634,1452,2.154381497634,1.767585872074999726
,,2.138552057634,47,2.143708617634,1499,,,,,2.159777897634,1452,2.159777897634,1.772982272074999688
,,2.143708617634,47,2.149105017634,1499,,,,,2.165054377634,1452,2.165054377634,1.778258752074999718
,,2.149105017634,47,2.154381497634,1499,,,,,2.170810537634,1452,2.170810537634,1.78401491207499995
,,2.154381497634,47,2.159777897634,1499,,,,,2.175607337634,1452,2.175607337634,1.788811712074999776
,,2.159777897634,47,2.165054377634,1499,,,,,2.181483417634,1452,2.181483417634,1.79468779207499995
,,2.165054377634,47,2.170810537634,1499,,,,,2.186400137634,1452,2.186400137634,1.799604512074999712
,,2.170810537634,47,2.175607337634,1499,,,,,2.192156297634,1452,2.192156297634,1.80536067207499994
,,2.175607337634,47,2.181483417634,1499,,,,,2.197073017634,1452,2.197073017634,1.810277392074999706
,,2.181483417634,47,2.186400137634,1499,,,,,2.202949097634,1452,2.202949097634,1.816153472074999877
,,2.186400137634,47,2.192156297634,1499,,,,,2.207625977634,1452,2.207625977634,1.82083035207499976
,,2.192156297634,47,2.197073017634,1499,,,,,2.213502057634,1452,2.213502057634,1.826706432074999932
,,2.197073017634,47,2.202949097634,1499,,,,,2.218538697634,1452,2.218538697634,1.831743072075000081
,,2.202949097634,47,2.207625977634,1499,,,,,2.224294857634,1452,2.224294857634,1.837499232074999868
,,2.207625977634,47,2.213502057634,1499,,,,,2.229211577634,1452,2.229211577634,1.842415952075000075
,,2.213502057634,47,2.218538697634,1499,,,,,2.234967737634,1452,2.234967737634,1.848172112074999863
,,2.218538697634,47,2.224294857634,1499,,,,,2.239884457634,1452,2.239884457634,1.853088832075000072
,,2.224294857634,47,2.229211577634,1499,,,,,2.245760537634,1452,2.245760537634,1.8589649120749998
,,2.229211577634,47,2.234967737634,1499,,,,,2.250437417634,1452,2.250437417634,1.863641792074999682
,,2.234967737634,47,2.239884457634,1499,,,,,2.256313497634,1452,2.256313497634,1.869517872074999853
,,2.239884457634,47,2.245760537634,1499,,,,,2.261350137634,1452,2.261350137634,1.874554512075000001
,,2.245760537634,47,2.250437417634,1499,,,,,2.267106297634,1452,2.267106297634,1.880310672074999791
,,2.250437417634,47,2.256313497634,1499,,,,,2.272023017634,1452,2.272023017634,1.885227392075
,,2.256313497634,47,2.261350137634,1499,,,,,2.277899097634,1452,2.277899097634,1.891103472074999731
,,2.261350137634,47,2.267106297634,1499,,,,,2.282575977634,1452,2.282575977634,1.895780352075000056
,,2.267106297634,47,2.272023017634,1499,,,,,2.288452057634,1452,2.288452057634,1.901656432074999783
,,2.272023017634,47,2.277899097634,1499,,,,,2.293488697634,1452,2.293488697634,1.906693072074999932
,,2.277899097634,47,2.282575977634,1499,,,,,2.299124937634,1452,2.299124937634,1.912329312074999777
,,2.282575977634,47,2.288452057634,1499,,,,,2.304161577634,1452,2.304161577634,1.917365952074999926
,,2.288452057634,47,2.293488697634,1499,,,,,2.309797817634,1452,2.309797817634,1.923002192074999777
,,2.293488697634,47,2.299124937634,1499,,,,,2.314834457634,1452,2.314834457634,1.928038832074999921
,,2.299124937634,47,2.304161577634,1499,,,,,2.320590617634,1452,2.320590617634,1.933794992074999712
,,2.304161577634,47,2.309797817634,1499,,,,,2.325387417634,1452,2.325387417634,1.938591792074999977
,,2.309797817634,47,2.314834457634,1499,,,,,2.331143577634,1452,2.331143577634,1.944347952074999768
,,2.314834457634,47,2.320590617634,1499,,,,,2.336300137634,1452,2.336300137634,1.949504512074999853
,,2.320590617634,47,2.325387417634,1499,,,,,2.341696537634,1452,2.341696537634,1.954900912074999822
,,2.325387417634,47,2.331143577634,1499,,,,,2.346973017634,1452,2.346973017634,1.960177392074999847
,,2.331143577634,47,2.336300137634,1499,,,,,2.352609257634,1452,2.352609257634,1.965813632074999696
,,2.336300137634,47,2.341696537634,1499,,,,,2.356686537634,1452,2.356686537634,1.969890912074999878
,,2.341696537634,47,2.346973017634,1499,,,,,2.357525977634,1452,2.357525977634,1.970730352074999902
,,2.346973017634,47,2.352609257634,1499,,,,,2.363282137634,1452,2.363282137634,1.976486512074999695
,,2.352609257634,47,2.356686537634,1499,,,,,2.368510857634,1452,2.368510857634,1.981715232074999991
,,2.356686537634,47,2.357525977634,1499,,,,,2.374147097634,1452,2.374147097634,1.987351472074999843
,,2.357525977634,47,2.363282137634,1499,,,,,2.378943897634,1452,2.378943897634,1.992148272074999663
,,2.363282137634,47,2.368510857634,1499,,,,,2.384700057634,1452,2.384700057634,1.997904432074999897
,,2.368510857634,47,2.374147097634,1499,,,,,2.389856617634,1452,2.389856617634,2.00306099207499954
,,2.374147097634,47,2.378943897634,1499,,,,,2.395253017634,1452,2.395253017634,2.00845739207499995
,,2.378943897634,47,2.384700057634,1499,,,,,2.400529497634,1452,2.400529497634,2.013733872074999977
,,2.384700057634,47,2.389856617634,1499,,,,,2.405925897634,1452,2.405925897634,2.019130272074999502
,,2.389856617634,47,2.395253017634,1499,,,,,2.411077657634,1452,2.411077657634,2.024282032074999897
,,2.395253017634,47,2.400529497634,1499,,,,,2.416833817634,1452,2.416833817634,2.030038192074999682
,,2.400529497634,47,2.405925897634,1499,,,,,2.421750537634,1452,2.421750537634,2.03495491207499945
,,2.405925897634,47,2.411077657634,1499,,,,,2.427506697634,1452,2.427506697634,2.040711072075000121
,,2.411077657634,47,2.416833817634,1499,,,,,2.432663257634,1452,2.432663257634,2.045867632074999768
,,2.416833817634,47,2.421750537634,1499,,,,,2.438059657634,1452,2.438059657634,2.051264032075000176
,,2.421750537634,47,2.427506697634,1499,,,,,2.443336137634,1452,2.443336137634,2.056540512075000206
,,2.427506697634,47,2.432663257634,1499,,,,,2.449096057634,1452,2.449096057634,2.062300432074999347
,,2.432663257634,47,2.438059657634,1499,,,,,2.453892857634,1452,2.453892857634,2.067097232074999618
,,2.438059657634,47,2.443336137634,1499,,,,,2.459649017634,1452,2.459649017634,2.072853392074999402
,,2.443336137634,47,2.449096057634,1499,,,,,2.464805577634,1452,2.464805577634,2.078009952074999937
,,2.449096057634,47,2.453892857634,1499,,,,,2.470441817634,1452,2.470441817634,2.083646192074999338
,,2.453892857634,47,2.459649017634,1499,,,,,2.475478457634,1452,2.475478457634,2.088682832074999487
,,2.459649017634,47,2.464805577634,1499,,,,,2.481114697634,1452,2.481114697634,2.094319072074999781
,,2.464805577634,47,2.470441817634,1499,,,,,2.486151337634,1452,2.486151337634,2.099355712074999926
,,2.470441817634,47,2.475478457634,1499,,,,,2.491911257634,1452,2.491911257634,2.105115632074999956
,,2.475478457634,47,2.481114697634,1499,,,,,2.496708057634,1452,2.496708057634,2.109912432074999338
,,2.481114697634,47,2.486151337634,1499,,,,,2.502344297634,1452,2.502344297634,2.115548672074999627
,,2.486151337634,47,2.491911257634,1499,,,,,2.507620777634,1452,2.507620777634,2.120825152074999657
,,2.491911257634,47,2.496708057634,1499,,,,,2.513137097634,1452,2.513137097634,2.126341472074999565
,,2.496708057634,47,2.502344297634,1499,,,,,2.518293657634,1452,2.518293657634,2.131498032075000093
,,2.502344297634,47,2.507620777634,1499,,,,,2.523690057634,1452,2.523690057634,2.13689443207499962
,,2.507620777634,47,2.513137097634,1499,,,,,2.528846617634,1452,2.528846617634,2.142050992075000151
,,2.513137097634,47,2.518293657634,1499,,,,,2.534362937634,1452,2.534362937634,2.147567312075000058
,,2.518293657634,47,2.523690057634,1499,,,,,2.539759337634,1452,2.539759337634,2.152963712074999582
,,2.523690057634,47,2.528846617634,1499,,,,,2.544915897634,1452,2.544915897634,2.158120272075000116
,,2.528846617634,47,2.534362937634,1499,,,,,2.550270617634,1452,2.550270617634,2.163474992074999815
,,2.534362937634,47,2.539759337634,1499,,,,,2.555786937634,1452,2.555786937634,2.168991312074999726
,,2.539759337634,47,2.544915897634,1499,,,,,2.560943497634,1452,2.560943497634,2.174147872074999366
,,2.544915897634,47,2.550270617634,1499,,,,,2.566459817634,1452,2.566459817634,2.179664192075000163
,,2.550270617634,47,2.555786937634,1499,,,,,2.571654617634,1452,2.571654617634,2.184858992075000108
,,2.555786937634,47,2.560943497634,1499,,,,,2.577170937634,1452,2.577170937634,2.190375312075000018
,,2.560943497634,47,2.566459817634,1499,,,,,2.581727897634,1452,2.581727897634,2.194932272074999516
,,2.566459817634,47,2.571654617634,1499,,,,,2.582567337634,1452,2.582567337634,2.19577171207499954
,,2.571654617634,47,2.577170937634,1499,,,,,2.587723897634,1452,2.587723897634,2.20092827207500007
,,2.577170937634,47,2.581727897634,1499,,,,,2.593238457634,1452,2.593238457634,2.206442832075000018
,,2.581727897634,47,2.582567337634,1499,,,,,2.598634857634,1452,2.598634857634,2.211839232074999541
,,2.582567337634,47,2.587723897634,1499,,,,,2.603775977634,1452,2.603775977634,2.216980352074999762
,,2.587723897634,47,2.593238457634,1499,,,,,2.609292297634,1452,2.609292297634,2.222496672074999668
,,2.593238457634,47,2.598634857634,1499,,,,,2.614688697634,1452,2.614688697634,2.227893072075000085
,,2.598634857634,47,2.603775977634,1499,,,,,2.619845257634,1452,2.619845257634,2.233049632074999726
,,2.603775977634,47,2.609292297634,1499,,,,,2.625361577634,1452,2.625361577634,2.238565952074999635
,,2.609292297634,47,2.614688697634,1499,,,,,2.630761737634,1452,2.630761737634,2.243966112074999397
,,2.614688697634,47,2.619845257634,1499,,,,,2.635918297634,1452,2.635918297634,2.249122672074999932
,,2.619845257634,47,2.625361577634,1499,,,,,2.641434617634,1452,2.641434617634,2.254638992074999837
,,2.625361577634,47,2.630761737634,1499,,,,,2.646831017634,1452,2.646831017634,2.260035392074999358
,,2.630761737634,47,2.635918297634,1499,,,,,2.652474777634,1452,2.652474777634,2.265679152075000135
,,2.635918297634,47,2.641434617634,1499,,,,,2.657631337634,1452,2.657631337634,2.270835712074999777
,,2.641434617634,47,2.646831017634,1499,,,,,2.662787897634,1452,2.662787897634,2.275992272074999425
,,2.646831017634,47,2.652474777634,1499,,,,,2.668304217634,1452,2.668304217634,2.281508592074999335
,,2.652474777634,47,2.657631337634,1499,,,,,2.673824297634,1452,2.673824297634,2.287028672074999481
,,2.657631337634,47,2.662787897634,1499,,,,,2.678860937634,1452,2.678860937634,2.292065312074999627
,,2.662787897634,47,2.668304217634,1499,,,,,2.684620857634,1452,2.684620857634,2.297825232074999657
,,2.668304217634,47,2.673824297634,1499,,,,,2.689766537634,1452,2.689766537634,2.302970912074999696
,,2.673824297634,47,2.678860937634,1499,,,,,2.695162937634,1452,2.695162937634,2.308367312075000112
,,2.678860937634,47,2.684620857634,1499,,,,,2.700451497634,1452,2.700451497634,2.313655872074999552
,,2.684620857634,47,2.689766537634,1499,,,,,2.705847897634,1452,2.705847897634,2.31905227207499997
,,2.689766537634,47,2.695162937634,1499,,,,,2.711124377634,1452,2.711124377634,2.324328752074999992
,,2.695162937634,47,2.700451497634,1499,,,,,2.716520777634,1452,2.716520777634,2.32972515207499952
,,2.700451497634,47,2.705847897634,1499,,,,,2.721677337634,1452,2.721677337634,2.33488171207500005
,,2.705847897634,47,2.711124377634,1499,,,,,2.727193657634,1452,2.727193657634,2.34039803207499996
,,2.711124377634,47,2.716520777634,1499,,,,,2.732590057634,1452,2.732590057634,2.34579443207499948
,,2.716520777634,47,2.721677337634,1499,,,,,2.737986457634,1452,2.737986457634,2.351190832074999892
,,2.721677337634,47,2.727193657634,1499,,,,,2.742063737634,1452,2.742063737634,2.355268112074999632
,,2.727193657634,47,2.732590057634,1499,,,,,2.743262937634,1452,2.743262937634,2.35646731207499992
,,2.732590057634,47,2.737986457634,1499,,,,,2.748659337634,1452,2.748659337634,2.361863712074999447
,,2.737986457634,47,2.742063737634,1499,,,,,2.753815897634,1452,2.753815897634,2.367020272074999977
,,2.742063737634,47,2.743262937634,1499,,,,,2.759332217634,1452,2.759332217634,2.372536592074999882
,,2.743262937634,47,2.748659337634,1499,,,,,2.764716777634,1452,2.764716777634,2.377921152074999425
,,2.748659337634,47,2.753815897634,1499,,,,,2.770138137634,1452,2.770138137634,2.38334251207500002
,,2.753815897634,47,2.759332217634,1499,,,,,2.775414617634,1452,2.775414617634,2.388618992075000047
,,2.759332217634,47,2.764716777634,1499,,,,,2.781054617634,1452,2.781054617634,2.39425899207499969
,,2.764716777634,47,2.770138137634,1499,,,,,2.786091257634,1452,2.786091257634,2.399295632074999845
,,2.770138137634,47,2.775414617634,1499,,,,,2.791727497634,1452,2.791727497634,2.404931872075000135
,,2.775414617634,47,2.781054617634,1499,,,,,2.796644217634,1452,2.796644217634,2.409848592074999897
,,2.781054617634,47,2.786091257634,1499,,,,,2.802400377634,1452,2.802400377634,2.415604752074999687
,,2.786091257634,47,2.791727497634,1499,,,,,2.807556937634,1452,2.807556937634,2.420761312074999327
,,2.791727497634,47,2.796644217634,1499,,,,,2.813193177634,1452,2.813193177634,2.42639755207499962
,,2.796644217634,47,2.802400377634,1499,,,,,2.818229817634,1452,2.818229817634,2.431434192074999767
,,2.802400377634,47,2.807556937634,1499,,,,,2.823866057634,1452,2.823866057634,2.437070432075000057
,,2.807556937634,47,2.813193177634,1499,,,,,2.828902697634,1452,2.828902697634,2.442107072075000207
,,2.813193177634,47,2.818229817634,1499,,,,,2.834538937634,1452,2.834538937634,2.44774331207499961
,,2.818229817634,47,2.823866057634,1499,,,,,2.839455657634,1452,2.839455657634,2.452660032074999375
,,2.823866057634,47,2.828902697634,1499,,,,,2.844855817634,1452,2.844855817634,2.45806019207500003
,,2.828902697634,47,2.834538937634,1499,,,,,2.850255977634,1452,2.850255977634,2.463460352074999792
,,2.834538937634,47,2.839455657634,1499,,,,,2.856731657634,1452,2.856731657634,2.469936032075000105
,,2.839455657634,47,2.844855817634,1499,,,,,2.861408537634,1452,2.861408537634,2.474612912075
,,2.844855817634,47,2.850255977634,1499,,,,,2.867404537634,1452,2.867404537634,2.480608912074999662
,,2.850255977634,47,2.856731657634,1499,,,,,2.872081417634,1452,2.872081417634,2.485285792074999542
,,2.856731657634,47,2.861408537634,1499,,,,,2.877477817634,1452,2.877477817634,2.49068219207499996
,,2.861408537634,47,2.867404537634,1499,,,,,2.882634377634,1452,2.882634377634,2.495838752074999602
,,2.867404537634,47,2.872081417634,1499,,,,,2.888030777634,1452,2.888030777634,2.501235152075000012
,,2.872081417634,47,2.877477817634,1499,,,,,2.893307257634,1452,2.893307257634,2.506511632075000037
,,2.877477817634,47,2.882634377634,1499,,,,,2.898823577634,1452,2.898823577634,2.51202795207499995
,,2.882634377634,47,2.888030777634,1499,,,,,2.903980137634,1452,2.903980137634,2.517184512074999592
,,2.888030777634,47,2.893307257634,1499,,,,,2.909496457634,1452,2.909496457634,2.5227008320749995
,,2.893307257634,47,2.898823577634,1499,,,,,2.914413177634,1452,2.914413177634,2.52761755207500015
,,2.898823577634,47,2.903980137634,1499,,,,,2.920049417634,1452,2.920049417634,2.533253792074999552
,,2.903980137634,47,2.909496457634,1499,,,,,2.925565737634,1452,2.925565737634,2.538770112074999462
,,2.909496457634,47,2.914413177634,1499,,,,,2.930962137634,1452,2.930962137634,2.544166512074999877
,,2.914413177634,47,2.920049417634,1499,,,,,2.936118697634,1452,2.936118697634,2.549323072074999522
,,2.920049417634,47,2.925565737634,1499,,,,,2.941305977634,1452,2.941305977634,2.554510352074999865
,,2.925565737634,47,2.930962137634,1499,,,,,2.946822297634,1452,2.946822297634,2.560026672074999777
,,2.930962137634,47,2.936118697634,1499,,,,,2.952277737634,1452,2.952277737634,2.5654821120750002
,,2.936118697634,47,2.941305977634,1499,,,,,2.957674137634,1452,2.957674137634,2.570878512074999725
,,2.941305977634,47,2.946822297634,1499,,,,,2.962830697634,1452,2.962830697634,2.576035072074999365
,,2.946822297634,47,2.952277737634,1499,,,,,2.968227097634,1452,2.968227097634,2.581431472074999777
,,2.952277737634,47,2.957674137634,1499,,,,,2.973383657634,1452,2.973383657634,2.586588032074999425
,,2.957674137634,47,2.962830697634,1499,,,,,2.978660137634,1452,2.978660137634,2.591864512074999447
,,2.962830697634,47,2.968227097634,1499,,,,,2.984056537634,1452,2.984056537634,2.597260912074999862
,,2.968227097634,47,2.973383657634,1499,,,,,2.988373657634,1452,2.988373657634,2.601578032074999477
,,2.973383657634,47,2.978660137634,1499,,,,,2.989812697634,1452,2.989812697634,2.60301707207499965
,,2.978660137634,47,2.984056537634,1499,,,,,2.994729417634,1452,2.994729417634,2.607933792074999415
,,2.984056537634,47,2.988373657634,1499,,,,,3.000365657634,1452,3.000365657634,2.613570032074999705
,,2.988373657634,47,2.989812697634,1499,,,,,3.005522217634,1452,3.005522217634,2.61872659207499935
,,2.989812697634,47,2.994729417634,1499,,,,,3.010777737634,1452,3.010777737634,2.623982112074999752
,,2.994729417634,47,3.000365657634,1499,,,,,3.016174137634,1452,3.016174137634,2.629378512075000165
,,3.000365657634,47,3.005522217634,1499,,,,,3.022053977634,1452,3.022053977634,2.635258352074999687
,,3.005522217634,47,3.010777737634,1499,,,,,3.026850777634,1452,3.026850777634,2.640055152074999952
,,3.010777737634,47,3.016174137634,1499,,,,,3.032497737634,1452,3.032497737634,2.645702112074999937
,,3.016174137634,47,3.022053977634,1499,,,,,3.037574217634,1452,3.037574217634,2.650778592074999542
,,3.022053977634,47,3.026850777634,1499,,,,,3.043413737634,1452,3.043413737634,2.656618112074999857
,,3.026850777634,47,3.032497737634,1499,,,,,3.048330457634,1452,3.048330457634,2.66153483207499962
,,3.032497737634,47,3.037574217634,1499,,,,,3.053606937634,1452,3.053606937634,2.666811312074999657
,,3.037574217634,47,3.043413737634,1499,,,,,3.059003337634,1452,3.059003337634,2.672207712075000065
,,3.043413737634,47,3.048330457634,1499,,,,,3.064759497634,1452,3.064759497634,2.677963872074999852
,,3.048330457634,47,3.053606937634,1499,,,,,3.069562297634,1452,3.069562297634,2.68276667207500007
,,3.053606937634,47,3.059003337634,1499,,,,,3.075024377634,1452,3.075024377634,2.688228752075000105
,,3.059003337634,47,3.064759497634,1499,,,,,3.080420777634,1452,3.080420777634,2.693625152074999627
,,3.064759497634,47,3.069562297634,1499,,,,,3.080780537634,1452,3.080780537634,2.693984912074999892
,,3.069562297634,47,3.075024377634,1499,,,,,3.086001257634,1452,3.086001257634,2.699205632074999515
,,3.075024377634,47,3.080420777634,1499,,,,,3.091281497634,1452,3.091281497634,2.704485872074999782
,,3.080420777634,47,3.080780537634,1499,,,,,3.096438057634,1452,3.096438057634,2.709642432074999427
,,3.080780537634,47,3.086001257634,1499,,,,,3.101834457634,1452,3.101834457634,2.715038832074999837
,,3.086001257634,47,3.091281497634,1499,,,,,3.107590617634,1452,3.107590617634,2.720794992074999627
,,3.091281497634,47,3.096438057634,1499,,,,,3.112750937634,1452,3.112750937634,2.725955312074999515
,,3.096438057634,47,3.101834457634,1499,,,,,3.118151097634,1452,3.118151097634,2.731355472075000167
,,3.101834457634,47,3.107590617634,1499,,,,,3.123551257634,1452,3.123551257634,2.736755632074999932
,,3.107590617634,47,3.112750937634,1499,,,,,3.128827737634,1452,3.128827737634,2.742032112074999962
,,3.112750937634,47,3.118151097634,1499,,,,,3.134104217634,1452,3.134104217634,2.74730859207499999
,,3.118151097634,47,3.123551257634,1499,,,,,3.139260777634,1452,3.139260777634,2.752465152074999632
,,3.123551257634,47,3.128827737634,1499,,,,,3.144777097634,1452,3.144777097634,2.75798147207499954
,,3.128827737634,47,3.134104217634,1499,,,,,3.150417097634,1452,3.150417097634,2.763621472075000072
,,3.134104217634,47,3.139260777634,1499,,,,,3.155457497634,1452,3.155457497634,2.768661872074999572
,,3.139260777634,47,3.144777097634,1499,,,,,3.160973817634,1452,3.160973817634,2.774178192074999477
,,3.144777097634,47,3.150417097634,1499,,,,,3.166973577634,1452,3.166973577634,2.78017795207499939
,,3.150417097634,47,3.155457497634,1499,,,,,3.172010217634,1452,3.172010217634,2.785214592074999532
,,3.155457497634,47,3.160973817634,1499,,,,,3.177526537634,1452,3.177526537634,2.790730912074999447
,,3.160973817634,47,3.166973577634,1499,,,,,3.182683097634,1452,3.182683097634,2.795887472074999977
,,3.166973577634,47,3.172010217634,1499,,,,,3.188199417634,1452,3.188199417634,2.801403792074999887
,,3.172010217634,47,3.177526537634,1499,,,,,3.192876297634,1452,3.192876297634,2.80608067207499977
,,3.177526537634,47,3.182683097634,1499,,,,,3.198752377634,1452,3.198752377634,2.811956752074999945
,,3.182683097634,47,3.188199417634,1499,,,,,3.204028857634,1452,3.204028857634,2.81723323207499997
,,3.188199417634,47,3.192876297634,1499,,,,,3.209425257634,1452,3.209425257634,2.822629632074999492
,,3.192876297634,47,3.198752377634,1499,,,,,3.214461897634,1452,3.214461897634,2.827666272074999642
,,3.198752377634,47,3.204028857634,1499,,,,,3.220098137634,1452,3.220098137634,2.833302512074999937
,,3.204028857634,47,3.209425257634,1499,,,,,3.225254697634,1452,3.225254697634,2.838459072074999572
,,3.209425257634,47,3.214461897634,1499,,,,,3.230890937634,1452,3.230890937634,2.844095312074999867
,,3.214461897634,47,3.220098137634,1499,,,,,3.235687737634,1452,3.235687737634,2.848892112075000137
,,3.220098137634,47,3.225254697634,1499,,,,,3.241563817634,1452,3.241563817634,2.854768192074999425
,,3.225254697634,47,3.230890937634,1499,,,,,3.246720377634,1452,3.246720377634,2.859924752074999952
,,3.230890937634,47,3.235687737634,1499,,,,,3.251757017634,1452,3.251757017634,2.864961392075000095
,,3.235687737634,47,3.241563817634,1499,,,,,3.257273337634,1452,3.257273337634,2.87047771207500001
,,3.241563817634,47,3.246720377634,1499,,,,,3.262664937634,1452,3.262664937634,2.87586931207499939
,,3.246720377634,47,3.251757017634,1499,,,,,3.267821497634,1452,3.267821497634,2.881025872074999925
,,3.251757017634,47,3.257273337634,1499,,,,,3.273217897634,1452,3.273217897634,2.886422272074999445
,,3.257273337634,47,3.262664937634,1499,,,,,3.278974057634,1452,3.278974057634,2.892178432075000127
,,3.262664937634,47,3.267821497634,1499,,,,,3.283890777634,1452,3.283890777634,2.89709515207499989
,,3.267821497634,47,3.273217897634,1499,,,,,3.289407097634,1452,3.289407097634,2.902611472074999795
,,3.273217897634,47,3.278974057634,1499,,,,,3.294923417634,1452,3.294923417634,2.908127792074999707
,,3.278974057634,47,3.283890777634,1499,,,,,3.299960057634,1452,3.299960057634,2.913164432074999852
,,3.283890777634,47,3.289407097634,1499,,,,,3.305356457634,1452,3.305356457634,2.918560832074999375
,,3.289407097634,47,3.294923417634,1499,,,,,3.310632937634,1452,3.310632937634,2.923837312074999405
,,3.294923417634,47,3.299960057634,1499,,,,,3.316389097634,1452,3.316389097634,2.92959347207500008
,,3.299960057634,47,3.305356457634,1499,,,,,3.321621417634,1452,3.321621417634,2.934825792074999375
,,3.305356457634,47,3.310632937634,1499,,,,,3.327017817634,1452,3.327017817634,2.940222192074999782
,,3.310632937634,47,3.316389097634,1499,,,,,3.332054457634,1452,3.332054457634,2.94525883207499993
,,3.316389097634,47,3.321621417634,1499,,,,,3.337690697634,1452,3.337690697634,2.95089507207499934
,,3.321621417634,47,3.327017817634,1499,,,,,3.343450617634,1452,3.343450617634,2.956654992074999365
,,3.327017817634,47,3.332054457634,1499,,,,,3.348607177634,1452,3.348607177634,2.961811552074999892
,,3.332054457634,47,3.337690697634,1499,,,,,3.353643817634,1452,3.353643817634,2.966848192075000045
,,3.337690697634,47,3.343450617634,1499,,,,,3.359040217634,1452,3.359040217634,2.972244592074999565
,,3.343450617634,47,3.348607177634,1499,,,,,3.363117497634,1452,3.363117497634,2.976321872075000192
,,3.348607177634,47,3.353643817634,1499,,,,,3.364196777634,1452,3.364196777634,2.977401152075000102
,,3.353643817634,47,3.359040217634,1499,,,,,3.369833017634,1452,3.369833017634,2.983037392074999507
,,3.359040217634,47,3.363117497634,1499,,,,,3.375349337634,1452,3.375349337634,2.988553712074999415
,,3.363117497634,47,3.364196777634,1499,,,,,3.380518937634,1452,3.380518937634,2.99372331207499974
,,3.364196777634,47,3.369833017634,1499,,,,,3.385915337634,1452,3.385915337634,2.99911971207500015
,,3.369833017634,47,3.375349337634,1499,,,,,3.391191817634,1452,3.391191817634,3.004396192075000187
,,3.375349337634,47,3.380518937634,1499,,,,,3.396298697634,1452,3.396298697634,3.009503072074999767
,,3.380518937634,47,3.385915337634,1499,,,,,3.401578937634,1452,3.401578937634,3.014783312075000045
,,3.385915337634,47,3.391191817634,1499,,,,,3.407455017634,1452,3.407455017634,3.020659392074999327
,,3.391191817634,47,3.396298697634,1499,,,,,3.412371737634,1452,3.412371737634,3.025576112074999975
,,3.396298697634,47,3.401578937634,1499,,,,,3.417888057634,1452,3.417888057634,3.031092432074999887
,,3.401578937634,47,3.407455017634,1499,,,,,3.423404377634,1452,3.423404377634,3.036608752074999792
,,3.407455017634,47,3.412371737634,1499,,,,,3.428441017634,1452,3.428441017634,3.04164539207499994
,,3.412371737634,47,3.417888057634,1499,,,,,3.433837417634,1452,3.433837417634,3.047041792074999465
,,3.417888057634,47,3.423404377634,1499,,,,,3.439593577634,1452,3.439593577634,3.05279795207500014
,,3.423404377634,47,3.428441017634,1499,,,,,3.444510297634,1452,3.444510297634,3.057714672074999902
,,3.428441017634,47,3.433837417634,1499,,,,,3.450026617634,1452,3.450026617634,3.063230992074999807
,,3.433837417634,47,3.439593577634,1499,,,,,3.455183177634,1452,3.455183177634,3.068387552074999452
,,3.439593577634,47,3.444510297634,1499,,,,,3.460703257634,1452,3.460703257634,3.073907632074999607
,,3.444510297634,47,3.450026617634,1499,,,,,3.466219577634,1452,3.466219577634,3.079423952074999512
,,3.450026617634,47,3.455183177634,1499,,,,,3.471256217634,1452,3.471256217634,3.084460592074999662
,,3.455183177634,47,3.460703257634,1499,,,,,3.477016137634,1452,3.477016137634,3.09022051207499969
,,3.460703257634,47,3.466219577634,1499,,,,,3.482412537634,1452,3.482412537634,3.095616912075000102
,,3.466219577634,47,3.471256217634,1499,,,,,3.487808937634,1452,3.487808937634,3.101013312074999625
,,3.471256217634,47,3.477016137634,1499,,,,,3.492845577634,1452,3.492845577634,3.106049952074999777
,,3.477016137634,47,3.482412537634,1499,,,,,3.498481817634,1452,3.498481817634,3.111686192075000065
,,3.482412537634,47,3.487808937634,1499,,,,,3.503638377634,1452,3.503638377634,3.116842752074999707
,,3.487808937634,47,3.492845577634,1499,,,,,3.509452057634,1452,3.509452057634,3.122656432074999862
,,3.492845577634,47,3.498481817634,1499,,,,,3.514248857634,1452,3.514248857634,3.12745323207500013
,,3.498481817634,47,3.503638377634,1499,,,,,3.519885097634,1452,3.519885097634,3.13308947207499954
,,3.503638377634,47,3.509452057634,1499,,,,,3.524801817634,1452,3.524801817634,3.138006192075000187
,,3.509452057634,47,3.514248857634,1499,,,,,3.530677897634,1452,3.530677897634,3.14388227207499947
,,3.514248857634,47,3.519885097634,1499,,,,,3.535954377634,1452,3.535954377634,3.1491587520749995
,,3.519885097634,47,3.524801817634,1499,,,,,3.540871097634,1452,3.540871097634,3.15407547207500015
,,3.524801817634,47,3.530677897634,1499,,,,,3.546387417634,1452,3.546387417634,3.159591792075000057
,,3.530677897634,47,3.535954377634,1499,,,,,3.551543977634,1452,3.551543977634,3.1647483520749997
,,3.535954377634,47,3.540871097634,1499,,,,,3.557180217634,1452,3.557180217634,3.17038459207499999
,,3.540871097634,47,3.546387417634,1499,,,,,3.562456697634,1452,3.562456697634,3.175661072075000027
,,3.546387417634,47,3.551543977634,1499,,,,,3.567613257634,1452,3.567613257634,3.180817632074999662
,,3.551543977634,47,3.557180217634,1499,,,,,3.573009657634,1452,3.573009657634,3.18621403207500008
,,3.557180217634,47,3.562456697634,1499,,,,,3.578645897634,1452,3.578645897634,3.19185027207499948
,,3.562456697634,47,3.567613257634,1499,,,,,3.583682537634,1452,3.583682537634,3.19688691207499963
,,3.567613257634,47,3.573009657634,1499,,,,,3.589198857634,1452,3.589198857634,3.20240323207499954
,,3.573009657634,47,3.578645897634,1499,,,,,3.595078697634,1452,3.595078697634,3.208283072074999952
,,3.578645897634,47,3.583682537634,1499,,,,,3.599755577634,1452,3.599755577634,3.212959952074999832
,,3.583682537634,47,3.589198857634,1499,,,,,3.605151977634,1452,3.605151977634,3.218356352074999357
,,3.589198857634,47,3.595078697634,1499,,,,,3.610625097634,1452,3.610625097634,3.223829472074999805
,,3.595078697634,47,3.599755577634,1499,,,,,3.615786697634,1452,3.615786697634,3.228991072074999902
,,3.599755577634,47,3.605151977634,1499,,,,,3.621422937634,1452,3.621422937634,3.234627312075000192
,,3.605151977634,47,3.610625097634,1499,,,,,3.626699417634,1452,3.626699417634,3.23990379207499933
,,3.610625097634,47,3.615786697634,1499,,,,,3.631855977634,1452,3.631855977634,3.245060352074999862
,,3.615786697634,47,3.621422937634,1499,,,,,3.637252377634,1452,3.637252377634,3.25045675207499939
,,3.621422937634,47,3.626699417634,1499,,,,,3.641449577634,1452,3.641449577634,3.254653952074999507
,,3.626699417634,47,3.631855977634,1499,,,,,3.642888617634,1452,3.642888617634,3.256092992074999675
,,3.631855977634,47,3.637252377634,1499,,,,,3.647925257634,1452,3.647925257634,3.261129632074999827
,,3.637252377634,47,3.641449577634,1499,,,,,3.653441577634,1452,3.653441577634,3.26664595207499973
,,3.641449577634,47,3.642888617634,1499,,,,,3.658957897634,1452,3.658957897634,3.272162272074999642
,,3.642888617634,47,3.647925257634,1499,,,,,3.663994537634,1452,3.663994537634,3.277198912074999782
,,3.647925257634,47,3.653441577634,1499,,,,,3.669390937634,1452,3.669390937634,3.282595312075000205
,,3.653441577634,47,3.658957897634,1499,,,,,3.675147097634,1452,3.675147097634,3.28835147207499999
,,3.658957897634,47,3.663994537634,1499,,,,,3.680108217634,1452,3.680108217634,3.29331259207499992
,,3.663994537634,47,3.669390937634,1499,,,,,3.685384697634,1452,3.685384697634,3.298589072074999952
,,3.669390937634,47,3.675147097634,1499,,,,,3.691744217634,1452,3.691744217634,3.304948592075000125
,,3.675147097634,47,3.680108217634,1499,,,,,3.696784617634,1452,3.696784617634,3.309988992074999625
,,3.680108217634,47,3.685384697634,1499,,,,,3.702540777634,1452,3.702540777634,3.315745152074999415
,,3.685384697634,47,3.691744217634,1499,,,,,3.706977817634,1452,3.706977817634,3.320182192074999415
,,3.691744217634,47,3.696784617634,1499,,,,,3.712614057634,1452,3.712614057634,3.325818432074999707
,,3.696784617634,47,3.702540777634,1499,,,,,3.717530777634,1452,3.717530777634,3.33073515207499947
,,3.702540777634,47,3.706977817634,1499,,,,,3.723406857634,1452,3.723406857634,3.336611232074999642
,,3.706977817634,47,3.712614057634,1499,,,,,3.728683337634,1452,3.728683337634,3.34188771207499967
,,3.712614057634,47,3.717530777634,1499,,,,,3.734079737634,1452,3.734079737634,3.347284112075000087
,,3.717530777634,47,3.723406857634,1499,,,,,3.739116377634,1452,3.739116377634,3.35232075207499934
,,3.723406857634,47,3.728683337634,1499,,,,,3.744752617634,1452,3.744752617634,3.357956992074999637
,,3.728683337634,47,3.734079737634,1499,,,,,3.749669337634,1452,3.749669337634,3.3628737120749994
,,3.734079737634,47,3.739116377634,1499,,,,,3.755185657634,1452,3.755185657634,3.368390032075000192
,,3.739116377634,47,3.744752617634,1499,,,,,3.760465897634,1452,3.760465897634,3.37367027207499957
,,3.744752617634,47,3.749669337634,1499,,,,,3.765742377634,1452,3.765742377634,3.3789467520749996
,,3.749669337634,47,3.755185657634,1499,,,,,3.771258697634,1452,3.771258697634,3.384463072074999507
,,3.755185657634,47,3.760465897634,1499,,,,,3.776775017634,1452,3.776775017634,3.389979392074999415
,,3.760465897634,47,3.765742377634,1499,,,,,3.781691737634,1452,3.781691737634,3.394896112075000065
,,3.765742377634,47,3.771258697634,1499,,,,,3.787447897634,1452,3.787447897634,3.400652272074999862
,,3.771258697634,47,3.776775017634,1499,,,,,3.792484537634,1452,3.792484537634,3.405688912075000007
,,3.776775017634,47,3.781691737634,1499,,,,,3.797880937634,1452,3.797880937634,3.41108531207499953
,,3.781691737634,47,3.787447897634,1499,,,,,3.803397257634,1452,3.803397257634,3.416601632074999437
,,3.787447897634,47,3.792484537634,1499,,,,,3.808553817634,1452,3.808553817634,3.421758192074999967
,,3.792484537634,47,3.797880937634,1499,,,,,3.813830297634,1452,3.813830297634,3.427034672075
,,3.797880937634,47,3.803397257634,1499,,,,,3.819612617634,1452,3.819612617634,3.43281699207499978
,,3.803397257634,47,3.808553817634,1499,,,,,3.824529337634,1452,3.824529337634,3.43773371207499954
,,3.808553817634,47,3.813830297634,1499,,,,,3.830285497634,1452,3.830285497634,3.44348987207499933
,,3.813830297634,47,3.819612617634,1499,,,,,3.835322137634,1452,3.835322137634,3.44852651207499948
,,3.819612617634,47,3.824529337634,1499,,,,,3.841014937634,1452,3.841014937634,3.454219312074999752
,,3.824529337634,47,3.830285497634,1499,,,,,3.845931657634,1452,3.845931657634,3.459136032074999525
,,3.830285497634,47,3.835322137634,1499,,,,,3.851687817634,1452,3.851687817634,3.464892192075000195
,,3.835322137634,47,3.841014937634,1499,,,,,3.856724457634,1452,3.856724457634,3.469928832074999452
,,3.841014937634,47,3.845931657634,1499,,,,,3.862360697634,1452,3.862360697634,3.47556507207499975
,,3.845931657634,47,3.851687817634,1499,,,,,3.867637177634,1452,3.867637177634,3.480841552074999777
,,3.851687817634,47,3.856724457634,1499,,,,,3.873033577634,1452,3.873033577634,3.486237952075000187
,,3.856724457634,47,3.862360697634,1499,,,,,3.878070217634,1452,3.878070217634,3.491274592074999445
,,3.862360697634,47,3.867637177634,1499,,,,,3.883586537634,1452,3.883586537634,3.496790912074999355
,,3.867637177634,47,3.873033577634,1499,,,,,3.889102857634,1452,3.889102857634,3.50230723207500015
,,3.873033577634,47,3.878070217634,1499,,,,,3.894259417634,1452,3.894259417634,3.507463792074999795
,,3.878070217634,47,3.883586537634,1499,,,,,3.899535897634,1452,3.899535897634,3.512740272074999817
,,3.883586537634,47,3.889102857634,1499,,,,,3.904936057634,1452,3.904936057634,3.518140432074999582
,,3.889102857634,47,3.894259417634,1499,,,,,3.910452377634,1452,3.910452377634,3.523656752074999495
,,3.894259417634,47,3.899535897634,1499,,,,,3.915728857634,1452,3.915728857634,3.528933232074999525
,,3.899535897634,47,3.904936057634,1499,,,,,3.920889177634,1452,3.920889177634,3.534093552074999405
,,3.904936057634,47,3.910452377634,1499,,,,,3.926405497634,1452,3.926405497634,3.539609872075000205
,,3.910452377634,47,3.915728857634,1499,,,,,3.930718777634,1452,3.930718777634,3.543923152075000062
,,3.915728857634,47,3.920889177634,1499,,,,,3.931678137634,1452,3.931678137634,3.544882512074999587
,,3.920889177634,47,3.926405497634,1499,,,,,3.937194457634,1452,3.937194457634,3.550398832074999495
,,3.926405497634,47,3.930718777634,1499,,,,,3.942590857634,1452,3.942590857634,3.555795232074999912
,,3.930718777634,47,3.931678137634,1499,,,,,3.947867337634,1452,3.947867337634,3.56107171207499994
,,3.931678137634,47,3.937194457634,1499,,,,,3.952996857634,1452,3.952996857634,3.566201232074999592
,,3.937194457634,47,3.942590857634,1499,,,,,3.958513177634,1452,3.958513177634,3.571717552074999507
,,3.942590857634,47,3.947867337634,1499,,,,,3.963789657634,1452,3.963789657634,3.57699403207499954
,,3.947867337634,47,3.952996857634,1499,,,,,3.969305977634,1452,3.969305977634,3.582510352074999445
,,3.952996857634,47,3.958513177634,1499,,,,,3.974702377634,1452,3.974702377634,3.587906752074999852
,,3.958513177634,47,3.963789657634,1499,,,,,3.979978857634,1452,3.979978857634,3.593183232074999882
,,3.963789657634,47,3.969305977634,1499,,,,,3.985135417634,1452,3.985135417634,3.59833979207499953
,,3.969305977634,47,3.974702377634,1499,,,,,3.990651737634,1452,3.990651737634,3.603856112074999437
,,3.974702377634,47,3.979978857634,1499,,,,,3.995892057634,1452,3.995892057634,3.60909643207499985
,,3.979978857634,47,3.985135417634,1499,,,,,4.001408377634,1452,4.001408377634,3.614612752074999752
,,3.985135417634,47,3.990651737634,1499,,,,,4.006804777634,1452,4.006804777634,3.620009152075000162
,,3.990651737634,47,3.995892057634,1499,,,,,4.011965097634,1452,4.011965097634,3.625169472075000045
,,3.995892057634,47,4.001408377634,1499,,,,,4.017481417634,1452,4.017481417634,3.630685792074999957
,,4.001408377634,47,4.006804777634,1499,,,,,4.022877817634,1452,4.022877817634,3.636082192074999482
,,4.006804777634,47,4.011965097634,1499,,,,,4.028274217634,1452,4.028274217634,3.641478592074999892
,,4.011965097634,47,4.017481417634,1499,,,,,4.033794297634,1452,4.033794297634,3.646998672075000045
,,4.017481417634,47,4.022877817634,1499,,,,,4.039190697634,1452,4.039190697634,3.652395072074999562
,,4.022877817634,47,4.028274217634,1499,,,,,4.044107417634,1452,4.044107417634,3.65731179207499933
,,4.028274217634,47,4.033794297634,1499,,,,,4.049623737634,1452,4.049623737634,3.662828112075000125
,,4.033794297634,47,4.039190697634,1499,,,,,4.055020137634,1452,4.055020137634,3.66822451207499965
,,4.039190697634,47,4.044107417634,1499,,,,,4.060296617634,1452,4.060296617634,3.673500992074999675
,,4.044107417634,47,4.049623737634,1499,,,,,4.065573097634,1452,4.065573097634,3.678777472074999695
,,4.049623737634,47,4.055020137634,1499,,,,,4.070849577634,1452,4.070849577634,3.684053952074999737
,,4.055020137634,47,4.060296617634,1499,,,,,4.076249737634,1452,4.076249737634,3.689454112074999502
,,4.060296617634,47,4.065573097634,1499,,,,,4.082005897634,1452,4.082005897634,3.695210272075000175
,,4.065573097634,47,4.070849577634,1499,,,,,4.087162457634,1452,4.087162457634,3.700366832074999817
,,4.070849577634,47,4.076249737634,1499,,,,,4.092438937634,1452,4.092438937634,3.705643312074999845
,,4.076249737634,47,4.082005897634,1499,,,,,4.097715417634,1452,4.097715417634,3.71091979207499988
,,4.082005897634,47,4.087162457634,1499,,,,,4.102991897634,1452,4.102991897634,3.7161962720749999
,,4.087162457634,47,4.092438937634,1499,,,,,4.108508217634,1452,4.108508217634,3.721712592074999805
,,4.092438937634,47,4.097715417634,1499,,,,,4.114024537634,1452,4.114024537634,3.72722891207499972
,,4.097715417634,47,4.102991897634,1499,,,,,4.119181097634,1452,4.119181097634,3.732385472074999362
,,4.102991897634,47,4.108508217634,1499,,,,,4.124577497634,1452,4.124577497634,3.737781872074999767
,,4.108508217634,47,4.114024537634,1499,,,,,4.129853977634,1452,4.129853977634,3.743058352074999802
,,4.114024537634,47,4.119181097634,1499,,,,,4.135247097634,1452,4.135247097634,3.74845147207499972
,,4.119181097634,47,4.124577497634,1499,,,,,4.140523577634,1452,4.140523577634,3.753727952074999742
,,4.124577497634,47,4.129853977634,1499,,,,,4.145800057634,1452,4.145800057634,3.75900443207499977
,,4.129853977634,47,4.135247097634,1499,,,,,4.151076537634,1452,4.151076537634,3.764280912074999802
,,4.135247097634,47,4.140523577634,1499,,,,,4.156832697634,1452,4.156832697634,3.770037072074999592
,,4.140523577634,47,4.145800057634,1499,,,,,4.161989257634,1452,4.161989257634,3.775193632075000125
,,4.145800057634,47,4.151076537634,1499,,,,,4.167385657634,1452,4.167385657634,3.780590032074999645
,,4.151076537634,47,4.156832697634,1499,,,,,4.172662137634,1452,4.172662137634,3.785866512074999675
,,4.156832697634,47,4.161989257634,1499,,,,,4.177938617634,1452,4.177938617634,3.791142992074999695
,,4.161989257634,47,4.167385657634,1499,,,,,4.183215097634,1452,4.183215097634,3.796419472074999727
,,4.167385657634,47,4.172662137634,1499,,,,,4.188971257634,1452,4.188971257634,3.80217563207499952
,,4.172662137634,47,4.177938617634,1499,,,,,4.194127817634,1452,4.194127817634,3.807332192075000045
,,4.177938617634,47,4.183215097634,1499,,,,,4.199524217634,1452,4.199524217634,3.812728592074999577
,,4.183215097634,47,4.188971257634,1499,,,,,4.204800697634,1452,4.204800697634,3.8180050720749996
,,4.188971257634,47,4.194127817634,1499,,,,,4.210197097634,1452,4.210197097634,3.823401472075000017
,,4.194127817634,47,4.199524217634,1499,,,,,4.215477337634,1452,4.215477337634,3.828681712074999392
,,4.199524217634,47,4.204800697634,1499,,,,,4.220765897634,1452,4.220765897634,3.833970272074999727
,,4.204800697634,47,4.210197097634,1499,,,,,4.226042377634,1452,4.226042377634,3.839246752074999755
,,4.210197097634,47,4.215477337634,1499,,,,,4.231798537634,1452,4.231798537634,3.84500291207499954
,,4.215477337634,47,4.220765897634,1499,,,,,4.236955097634,1452,4.236955097634,3.85015947207500007
,,4.220765897634,47,4.226042377634,1499,,,,,4.242351497634,1452,4.242351497634,3.855555872074999592
,,4.226042377634,47,4.231798537634,1499,,,,,4.247627977634,1452,4.247627977634,3.860832352074999625
,,4.231798537634,47,4.236955097634,1499,,,,,4.252904457634,1452,4.252904457634,3.866108832074999655
,,4.236955097634,47,4.242351497634,1499,,,,,4.258300857634,1452,4.258300857634,3.871505232075000062
,,4.242351497634,47,4.247627977634,1499,,,,,4.262617977634,1452,4.262617977634,3.875822352074999687
,,4.247627977634,47,4.252904457634,1499,,,,,4.263577337634,1452,4.263577337634,3.876781712075000095
,,4.252904457634,47,4.258300857634,1499,,,,,4.268853817634,1452,4.268853817634,3.882058192075000117
,,4.258300857634,47,4.262617977634,1499,,,,,4.274609977634,1452,4.274609977634,3.887814352074999905
,,4.262617977634,47,4.263577337634,1499,,,,,4.279766537634,1452,4.279766537634,3.892970912074999552
,,4.263577337634,47,4.268853817634,1499,,,,,4.285162937634,1452,4.285162937634,3.898367312074999957
,,4.268853817634,47,4.274609977634,1499,,,,,4.290439417634,1452,4.290439417634,3.903643792075
,,4.274609977634,47,4.279766537634,1499,,,,,4.296037017634,1452,4.296037017634,3.909241392074999752
,,4.279766537634,47,4.285162937634,1499,,,,,4.301197337634,1452,4.301197337634,3.914401712074999632
,,4.285162937634,47,4.290439417634,1499,,,,,4.306833577634,1452,4.306833577634,3.920037952074999925
,,4.290439417634,47,4.296037017634,1499,,,,,4.311870217634,1452,4.311870217634,3.925074592075000077
,,4.296037017634,47,4.301197337634,1499,,,,,4.317517017634,1452,4.317517017634,3.93072139207500014
,,4.301197337634,47,4.306833577634,1499,,,,,4.322553657634,1452,4.322553657634,3.935758032074999392
,,4.306833577634,47,4.311870217634,1499,,,,,4.327830137634,1452,4.327830137634,3.941034512074999425
,,4.311870217634,47,4.317517017634,1499,,,,,4.333106617634,1452,4.333106617634,3.946310992074999452
,,4.317517017634,47,4.322553657634,1499,,,,,4.338862777634,1452,4.338862777634,3.952067152075000127
,,4.322553657634,47,4.327830137634,1499,,,,,4.344019337634,1452,4.344019337634,3.95722371207499977
,,4.327830137634,47,4.333106617634,1499,,,,,4.349287417634,1452,4.349287417634,3.962491792074999337
,,4.333106617634,47,4.338862777634,1499,,,,,4.354683817634,1452,4.354683817634,3.967888192074999742
,,4.338862777634,47,4.344019337634,1499,,,,,4.359960297634,1452,4.359960297634,3.97316467207499977
,,4.344019337634,47,4.349287417634,1499,,,,,4.365236777634,1452,4.365236777634,3.978441152074999805
,,4.349287417634,47,4.354683817634,1499,,,,,4.370992937634,1452,4.370992937634,3.984197312074999592
,,4.354683817634,47,4.359960297634,1499,,,,,4.376153257634,1452,4.376153257634,3.989357632074999477
,,4.359960297634,47,4.365236777634,1499,,,,,4.381909417634,1452,4.381909417634,3.99511379207500015
,,4.365236777634,47,4.370992937634,1499,,,,,4.386826137634,1452,4.386826137634,4.000030512074999925
,,4.370992937634,47,4.376153257634,1499,,,,,4.392342457634,1452,4.392342457634,4.005546832074999827
,,4.376153257634,47,4.381909417634,1499,,,,,4.397502777634,1452,4.397502777634,4.010707152074999707
,,4.381909417634,47,4.386826137634,1499,,,,,4.403019097634,1452,4.403019097634,4.016223472074999617
,,4.386826137634,47,4.392342457634,1499,,,,,4.408055737634,1452,4.408055737634,4.021260112074999767
,,4.392342457634,47,4.397502777634,1499,,,,,4.413931817634,1452,4.413931817634,4.02713619207499994
,,4.397502777634,47,4.403019097634,1499,,,,,4.418968457634,1452,4.418968457634,4.032172832075000087
,,4.403019097634,47,4.408055737634,1499,,,,,4.424484777634,1452,4.424484777634,4.037689152075
,,4.408055737634,47,4.413931817634,1499,,,,,4.429765017634,1452,4.429765017634,4.042969392074999377
,,4.413931817634,47,4.418968457634,1499,,,,,4.435161417634,1452,4.435161417634,4.048365792074999787
,,4.418968457634,47,4.424484777634,1499,,,,,4.440198057634,1452,4.440198057634,4.05340243207499994
,,4.424484777634,47,4.429765017634,1499,,,,,4.445834297634,1452,4.445834297634,4.059038672074999337
,,4.429765017634,47,4.435161417634,1499,,,,,4.451110777634,1452,4.451110777634,4.064315152075000255
,,4.435161417634,47,4.440198057634,1499,,,,,4.456747017634,1452,4.456747017634,4.069951392074999657
,,4.440198057634,47,4.445834297634,1499,,,,,4.461783657634,1452,4.461783657634,4.074988032074999805
,,4.445834297634,47,4.451110777634,1499,,,,,4.467299977634,1452,4.467299977634,4.080504352074999707
,,4.451110777634,47,4.456747017634,1499,,,,,4.472456537634,1452,4.472456537634,4.085660912074999357
,,4.456747017634,47,4.461783657634,1499,,,,,4.477972857634,1452,4.477972857634,4.091177232074999267
,,4.461783657634,47,4.467299977634,1499,,,,,4.483009497634,1452,4.483009497634,4.096213872074999415
,,4.467299977634,47,4.472456537634,1499,,,,,4.488885577634,1452,4.488885577634,4.102089952074999587
,,4.472456537634,47,4.477972857634,1499,,,,,4.493922217634,1452,4.493922217634,4.107126592074999727
,,4.477972857634,47,4.483009497634,1499,,,,,4.499678377634,1452,4.499678377634,4.112882752075000412
,,4.483009497634,47,4.488885577634,1499,,,,,4.504627897634,1452,4.504627897634,4.1178322720749989
,,4.488885577634,47,4.493922217634,1499,,,,,4.510384057634,1452,4.510384057634,4.12358843207499957
,,4.493922217634,47,4.499678377634,1499,,,,,4.515300777634,1452,4.515300777634,4.128505152075000227
,,4.499678377634,47,4.504627897634,1499,,,,,4.517459337634,1452,4.517459337634,4.130663712075000032
,,4.504627897634,47,4.510384057634,1499,,,,,4.520817097634,1452,4.520817097634,4.134021472075000132
,,4.510384057634,47,4.515300777634,1499,,,,,4.525853737634,1452,4.525853737634,4.13905811207500028
,,4.515300777634,47,4.517459337634,1499,,,,,4.531489977634,1452,4.531489977634,4.144694352074999687
,,4.517459337634,47,4.520817097634,1499,,,,,4.536766457634,1452,4.536766457634,4.149970832074998827
,,4.520817097634,47,4.525853737634,1499,,,,,4.542402697634,1452,4.542402697634,4.155607072075000002
,,4.525853737634,47,4.531489977634,1499,,,,,4.547439337634,1452,4.547439337634,4.16064371207500015
,,4.531489977634,47,4.536766457634,1499,,,,,4.553195497634,1452,4.553195497634,4.166399872074999052
,,4.536766457634,47,4.542402697634,1499,,,,,4.558108857634,1452,4.558108857634,4.171313232074998805
,,4.542402697634,47,4.547439337634,1499,,,,,4.563631737634,1452,4.563631737634,4.176836112074999695
,,4.547439337634,47,4.553195497634,1499,,,,,4.568865977634,1452,4.568865977634,4.182070352074999757
,,4.553195497634,47,4.558108857634,1499,,,,,4.574382297634,1452,4.574382297634,4.18758667207499967
,,4.558108857634,47,4.563631737634,1499,,,,,4.579538857634,1452,4.579538857634,4.192743232074999315
,,4.563631737634,47,4.568865977634,1499,,,,,4.584819097634,1452,4.584819097634,4.19802347207499869
,,4.568865977634,47,4.574382297634,1499,,,,,4.590095577634,1452,4.590095577634,4.203299952074999612
,,4.574382297634,47,4.579538857634,1499,,,,,4.595731817634,1452,4.595731817634,4.208936192074999007
,,4.579538857634,47,4.584819097634,1499,,,,,4.601008297634,1452,4.601008297634,4.214212672074999927
,,4.584819097634,47,4.590095577634,1499,,,,,4.606404697634,1452,4.606404697634,4.219609072075000342
,,4.590095577634,47,4.595731817634,1499,,,,,4.611681177634,1452,4.611681177634,4.224885552074999477
,,4.595731817634,47,4.601008297634,1499,,,,,4.617077577634,1452,4.617077577634,4.230281952074999892
,,4.601008297634,47,4.606404697634,1499,,,,,4.621274777634,1452,4.621274777634,4.234479152075000017
,,4.606404697634,47,4.611681177634,1499,,,,,4.622354057634,1452,4.622354057634,4.235558432074999032
,,4.611681177634,47,4.617077577634,1499,,,,,4.627811977634,1452,4.627811977634,4.241016352075000367
,,4.617077577634,47,4.621274777634,1499,,,,,4.633088457634,1452,4.633088457634,4.246292832074999507
,,4.621274777634,47,4.622354057634,1499,,,,,4.638372457634,1452,4.638372457634,4.25157683207499913
,,4.622354057634,47,4.627811977634,1499,,,,,4.643772617634,1452,4.643772617634,4.256976992074999782
,,4.627811977634,47,4.633088457634,1499,,,,,4.649292697634,1452,4.649292697634,4.26249707207499994
,,4.633088457634,47,4.638372457634,1499,,,,,4.654473497634,1452,4.654473497634,4.267677872074999695
,,4.638372457634,47,4.643772617634,1499,,,,,4.659989817634,1452,4.659989817634,4.2731941920749996
,,4.643772617634,47,4.649292697634,1499,,,,,4.665341497634,1452,4.665341497634,4.278545872075000017
,,4.649292697634,47,4.654473497634,1499,,,,,4.670617977634,1452,4.670617977634,4.283822352074999157
,,4.654473497634,47,4.659989817634,1499,,,,,4.676014377634,1452,4.676014377634,4.289218752074999567
,,4.659989817634,47,4.665341497634,1499,,,,,4.681410777634,1452,4.681410777634,4.294615152074999982
,,4.665341497634,47,4.670617977634,1499,,,,,4.686687257634,1452,4.686687257634,4.299891632074999117
,,4.670617977634,47,4.676014377634,1499,,,,,4.692083657634,1452,4.692083657634,4.305288032074999532
,,4.676014377634,47,4.681410777634,1499,,,,,4.697360137634,1452,4.697360137634,4.31056451207499867
,,4.681410777634,47,4.686687257634,1499,,,,,4.702756537634,1452,4.702756537634,4.315960912074999082
,,4.686687257634,47,4.692083657634,1499,,,,,4.708156697634,1452,4.708156697634,4.321361072074999727
,,4.692083657634,47,4.697360137634,1499,,,,,4.713433177634,1452,4.713433177634,4.32663755207499888
,,4.697360137634,47,4.702756537634,1499,,,,,4.718709657634,1452,4.718709657634,4.33191403207499979
,,4.702756537634,47,4.708156697634,1499,,,,,4.724225977634,1452,4.724225977634,4.337430352074999695
,,4.708156697634,47,4.713433177634,1499,,,,,4.729502457634,1452,4.729502457634,4.342706832074998842
,,4.713433177634,47,4.718709657634,1499,,,,,4.735022537634,1452,4.735022537634,4.348226912074998987
,,4.718709657634,47,4.724225977634,1499,,,,,4.740179097634,1452,4.740179097634,4.353383472075000407
,,4.724225977634,47,4.729502457634,1499,,,,,4.745699177634,1452,4.745699177634,4.35890355207499878
,,4.729502457634,47,4.735022537634,1499,,,,,4.750975657634,1452,4.750975657634,4.364180032074999695
,,4.735022537634,47,4.740179097634,1499,,,,,4.756372057634,1452,4.756372057634,4.369576432075000107
,,4.740179097634,47,4.745699177634,1499,,,,,4.761648537634,1452,4.761648537634,4.374852912074999252
,,4.745699177634,47,4.750975657634,1499,,,,,4.767044937634,1452,4.767044937634,4.380249312074999662
,,4.750975657634,47,4.756372057634,1499,,,,,4.772321417634,1452,4.772321417634,4.385525792074998805
,,4.756372057634,47,4.761648537634,1499,,,,,4.777717817634,1452,4.777717817634,4.390922192074999207
,,4.761648537634,47,4.767044937634,1499,,,,,4.783044217634,1452,4.783044217634,4.39624859207499872
,,4.767044937634,47,4.772321417634,1499,,,,,4.788440617634,1452,4.788440617634,4.401644992074999132
,,4.772321417634,47,4.777717817634,1499,,,,,4.793717097634,1452,4.793717097634,4.406921472075000045
,,4.777717817634,47,4.783044217634,1499,,,,,4.799152377634,1452,4.799152377634,4.412356752075000427
,,4.783044217634,47,4.788440617634,1499,,,,,4.804428857634,1452,4.804428857634,4.417633232074999562
,,4.788440617634,47,4.793717097634,1499,,,,,4.809825257634,1452,4.809825257634,4.423029632074999977
,,4.793717097634,47,4.799152377634,1499,,,,,4.815221657634,1452,4.815221657634,4.42842603207500039
,,4.799152377634,47,4.804428857634,1499,,,,,4.820618057634,1452,4.820618057634,4.433822432074999025
,,4.804428857634,47,4.809825257634,1499,,,,,4.825894537634,1452,4.825894537634,4.43909891207499994
,,4.809825257634,47,4.815221657634,1499,,,,,4.831290937634,1452,4.831290937634,4.44449531207500035
,,4.815221657634,47,4.820618057634,1499,,,,,4.836567417634,1452,4.836567417634,4.44977179207499949
,,4.820618057634,47,4.825894537634,1499,,,,,4.841963817634,1452,4.841963817634,4.455168192074999905
,,4.825894537634,47,4.831290937634,1499,,,,,4.847240297634,1452,4.847240297634,4.460444672074999045
,,4.831290937634,47,4.836567417634,1499,,,,,4.852636697634,1452,4.852636697634,4.465841072074999452
,,4.836567417634,47,4.841963817634,1499,,,,,4.857913177634,1452,4.857913177634,4.471117552075000377
,,4.841963817634,47,4.847240297634,1499,,,,,4.863433257634,1452,4.863433257634,4.476637632074998742
,,4.847240297634,47,4.852636697634,1499,,,,,4.868709737634,1452,4.868709737634,4.481914112074999657
,,4.852636697634,47,4.857913177634,1499,,,,,4.874106137634,1452,4.874106137634,4.48731051207500007
,,4.857913177634,47,4.863433257634,1499,,,,,4.879386377634,1452,4.879386377634,4.492590752074999452
,,4.863433257634,47,4.868709737634,1499,,,,,4.884782777634,1452,4.884782777634,4.497987152074999865
,,4.868709737634,47,4.874106137634,1499,,,,,4.890059257634,1452,4.890059257634,4.503263632074999005
,,4.874106137634,47,4.879386377634,1499,,,,,4.895455657634,1452,4.895455657634,4.50866003207499942
,,4.879386377634,47,4.884782777634,1499,,,,,4.899053257634,1452,4.899053257634,4.512257632075000282
,,4.884782777634,47,4.890059257634,1499,,,,,4.900732137634,1452,4.900732137634,4.51393651207500033
,,4.890059257634,47,4.895455657634,1499,,,,,4.906248457634,1452,4.906248457634,4.519452832075000232
,,4.895455657634,47,4.899053257634,1499,,,,,4.911524937634,1452,4.911524937634,4.524729312074999382
,,4.899053257634,47,4.900732137634,1499,,,,,4.916921337634,1452,4.916921337634,4.53012571207499979
,,4.900732137634,47,4.906248457634,1499,,,,,4.922197817634,1452,4.922197817634,4.535402192074998927
,,4.906248457634,47,4.911524937634,1499,,,,,4.927594217634,1452,4.927594217634,4.540798592074999342
,,4.911524937634,47,4.916921337634,1499,,,,,4.932990617634,1452,4.932990617634,4.546194992074999755
,,4.916921337634,47,4.922197817634,1499,,,,,4.938460697634,1452,4.938460697634,4.55166507207500002
,,4.922197817634,47,4.927594217634,1499,,,,,4.943617257634,1452,4.943617257634,4.55682163207499967
,,4.927594217634,47,4.932990617634,1499,,,,,4.949013657634,1452,4.949013657634,4.562218032075000077
,,4.932990617634,47,4.938460697634,1499,,,,,4.954410057634,1452,4.954410057634,4.567614432074998717
,,4.938460697634,47,4.943617257634,1499,,,,,4.959762297634,1452,4.959762297634,4.57296667207499928
,,4.943617257634,47,4.949013657634,1499,,,,,4.965038777634,1452,4.965038777634,4.578243152075000187
,,4.949013657634,47,4.954410057634,1499,,,,,4.970435177634,1452,4.970435177634,4.58363955207499883
,,4.954410057634,47,4.959762297634,1499,,,,,4.975711657634,1452,4.975711657634,4.588916032074999742
,,4.959762297634,47,4.965038777634,1499,,,,,4.981132297634,1452,4.981132297634,4.59433667207500028
,,4.965038777634,47,4.970435177634,1499,,,,,4.986408777634,1452,4.986408777634,4.599613152074999412
,,4.970435177634,47,4.975711657634,1499,,,,,4.991925097634,1452,4.991925097634,4.605129472074999327
,,4.975711657634,47,4.981132297634,1499,,,,,4.996961737634,1452,4.996961737634,4.610166112074999462
,,4.981132297634,47,4.986408777634,1499,,,,,,,,
,,4.986408777634,47,4.991925097634,1499,,,,,,,,
,,4.991925097634,47,4.996961737634,1499,,,,,,,,
,,4.996961737634,47,,,,,,,,,,
