numActiveSessions:vector baselineTestQoS.hostVID[17].app[0] (#0 - testingConfigurator-0-20240322-13:22:53-30801),,DASHBufferLength:vector baselineTestQoS.hostVID[17].app[0] (#0 - testingConfigurator-0-20240322-13:22:53-30801),,DASHVideoPlaybackPointer:vector baselineTestQoS.hostVID[17].app[0] (#0 - testingConfigurator-0-20240322-13:22:53-30801),,DASHVideoBitrate:vector baselineTestQoS.hostVID[17].app[0] (#0 - testingConfigurator-0-20240322-13:22:53-30801),,DASHVideoResolution:vector baselineTestQoS.hostVID[17].app[0] (#0 - testingConfigurator-0-20240322-13:22:53-30801),,DASHVideoPlaybackStatus:vector baselineTestQoS.hostVID[17].app[0] (#0 - testingConfigurator-0-20240322-13:22:53-30801),,txPk:vector(packetBytes) baselineTestQoS.hostVID[17].ppp[0].ppp (#0 - testingConfigurator-0-20240322-13:22:53-30801),,rxPkOk:vector(packetBytes) baselineTestQoS.hostVID[17].ppp[0].ppp (#0 - testingConfigurator-0-20240322-13:22:53-30801),,rtt:vector baselineTestQoS.hostVID[17].tcp.conn-229 (#0 - testingConfigurator-0-20240322-13:22:53-30801),,endToEndDelay:vector baselineTestQoS.hostVID[17].app[0] (#0 - testingConfigurator-0-20240322-13:22:53-30801),,DASHReceivedBytes:vector baselineTestQoS.hostVID[17].app[0] (#0 - testingConfigurator-0-20240322-13:22:53-30801),
0,0,0,0,0,0,0,305,0,360,0.303119133846,0,0.303119133846,51,0.383328591446,51,0.463360433846,0.080031842399999996,0.463491969846,0.040137108800000001,1.136405833634,100000
0.303119133846,1,2.600776433634,5,3.600776433634,1,1.136405833634,311,1.136405833634,360,2.600776433634,1,0.383328591446,47,0.463360433846,47,1.216509801634,0.080103967999999997,0.543730853846,0.120375992799999997,2.600776433634,194375
,,3.600776433634,4,4.600776433634,2,2.600776433634,357,2.600776433634,360,,,0.383328967446,247,0.463491969846,1499,2.682690521634,0.081914087999999995,0.543850773846,0.120495912799999992,4.291716033634,223125
,,4.291716033634,9,,,4.291716033634,408,4.291716033634,360,,,0.463491969846,47,0.543730853846,1499,4.372544041634,0.080828008000000006,0.623969737846,0.200614876800000007,,
,,4.600776433634,8,,,,,,,,,0.543730853846,47,0.543850773846,1499,,,0.624089657846,0.200734796800000003,,
,,,,,,,,,,,,0.543850773846,47,0.623969737846,1499,,,0.627620136466,0.204265275420000002,,
,,,,,,,,,,,,0.623969737846,47,0.624089657846,1499,,,0.632959929263,0.209605068216999978,,
,,,,,,,,,,,,0.624089657846,47,0.627620136466,1499,,,0.704208621846,0.280853760800000017,,
,,,,,,,,,,,,0.627620136466,47,0.632959929263,1499,,,0.704328541846,0.280973680799999957,,
,,,,,,,,,,,,0.632959929263,47,0.704208621846,1499,,,0.707917581266,0.284562720219999953,,
,,,,,,,,,,,,0.704208621846,47,0.704328541846,1499,,,0.713161454063,0.289806593016999957,,
,,,,,,,,,,,,0.704328541846,47,0.707917581266,1499,,,0.718566389586,0.295211528539999988,,
,,,,,,,,,,,,0.707917581266,47,0.713161454063,1499,,,0.723913246386,0.30055838534000001,,
,,,,,,,,,,,,0.713161454063,47,0.718566389586,1499,,,0.729232262733,0.305877401686999949,,
,,,,,,,,,,,,0.718566389586,47,0.723913246386,1499,,,0.734643948428,0.311289087382000006,,
,,,,,,,,,,,,0.723913246386,47,0.729232262733,1499,,,0.784775380086,0.361420519039999941,,
,,,,,,,,,,,,0.729232262733,47,0.734643948428,1499,,,0.784895300086,0.361540439039999992,,
,,,,,,,,,,,,0.734643948428,47,0.784775380086,1499,,,0.788395106066,0.365040245019999985,,
,,,,,,,,,,,,0.784775380086,47,0.784895300086,1499,,,0.793773008463,0.370418147416999963,,
,,,,,,,,,,,,0.784895300086,47,0.788395106066,1499,,,0.799123994386,0.375769133339999948,,
,,,,,,,,,,,,0.788395106066,47,0.793773008463,1499,,,0.804578814564,0.381223953517999978,,
,,,,,,,,,,,,0.793773008463,47,0.799123994386,1499,,,0.809824955186,0.386470094139999995,,
,,,,,,,,,,,,0.799123994386,47,0.804578814564,1499,,,0.815240194028,0.39188533298200001,,
,,,,,,,,,,,,0.804578814564,47,0.809824955186,1499,,,0.82054951749,0.39719465644399998,,
,,,,,,,,,,,,0.809824955186,47,0.815240194028,1499,,,0.825834165972,0.402479304925999923,,
,,,,,,,,,,,,0.815240194028,47,0.82054951749,1499,,,0.831404997559,0.408050136512999926,,
,,,,,,,,,,,,0.82054951749,47,0.825834165972,1499,,,0.836587146402,0.413232285355999982,,
,,,,,,,,,,,,0.825834165972,47,0.831404997559,1499,,,0.842105021015,0.418750159969,,
,,,,,,,,,,,,0.831404997559,47,0.836587146402,1499,,,0.847269018076,0.423914157030000014,,
,,,,,,,,,,,,0.836587146402,47,0.842105021015,1499,,,0.852741469148,0.42938660810200002,,
,,,,,,,,,,,,0.842105021015,47,0.847269018076,1499,,,0.857938792834,0.43458393178799992,,
,,,,,,,,,,,,0.847269018076,47,0.852741469148,1499,,,0.865114264086,0.44175940303999994,,
,,,,,,,,,,,,0.852741469148,47,0.857938792834,1499,,,0.868753510066,0.445398649019999924,,
,,,,,,,,,,,,0.857938792834,47,0.865114264086,1499,,,0.874471430866,0.451116569819999922,,
,,,,,,,,,,,,0.865114264086,47,0.868753510066,1499,,,0.879461279186,0.456106418139999967,,
,,,,,,,,,,,,0.868753510066,47,0.874471430866,1499,,,0.885008959186,0.461654098140000022,,
,,,,,,,,,,,,0.874471430866,47,0.879461279186,1499,,,0.890082559986,0.466727698939999989,,
,,,,,,,,,,,,0.879461279186,47,0.885008959186,1499,,,0.895597798828,0.472242937781999992,,
,,,,,,,,,,,,0.885008959186,47,0.890082559986,1499,,,0.90076568309,0.477410822043999981,,
,,,,,,,,,,,,0.890082559986,47,0.895597798828,1499,,,0.906551530772,0.483196669725999947,,
,,,,,,,,,,,,0.895597798828,47,0.90076568309,1499,,,0.911620201559,0.488265340512999965,,
,,,,,,,,,,,,0.90076568309,47,0.906551530772,1499,,,0.916826030402,0.493471169355999992,,
,,,,,,,,,,,,0.906551530772,47,0.911620201559,1499,,,0.922323985015,0.498969123968999948,,
,,,,,,,,,,,,0.911620201559,47,0.916826030402,1499,,,0.927624224476,0.504269363429999948,,
,,,,,,,,,,,,0.916826030402,47,0.922323985015,1499,,,0.932979153948,0.50962429290199984,,
,,,,,,,,,,,,0.922323985015,47,0.927624224476,1499,,,0.938362048034,0.515007186987999963,,
,,,,,,,,,,,,0.927624224476,47,0.932979153948,1499,,,0.943756828086,0.520401967039999965,,
,,,,,,,,,,,,0.932979153948,47,0.938362048034,1499,,,0.949091194866,0.525736333819999844,,
,,,,,,,,,,,,0.938362048034,47,0.943756828086,1499,,,0.954329435666,0.530974574619999859,,
,,,,,,,,,,,,0.943756828086,47,0.949091194866,1499,,,0.959679043986,0.536324182939999836,,
,,,,,,,,,,,,0.949091194866,47,0.954329435666,1499,,,0.965362483986,0.542007622939999931,,
,,,,,,,,,,,,0.954329435666,47,0.959679043986,1499,,,0.970661283986,0.547306422939999979,,
,,,,,,,,,,,,0.959679043986,47,0.965362483986,1499,,,0.975790491327,0.552435630280999844,,
,,,,,,,,,,,,0.965362483986,47,0.970661283986,1499,,,0.98110336789,0.55774850684400001,,
,,,,,,,,,,,,0.970661283986,47,0.975790491327,1499,,,0.986536065972,0.563181204925999875,,
,,,,,,,,,,,,0.975790491327,47,0.98110336789,1499,,,0.992036367159,0.568681506112999944,,
,,,,,,,,,,,,0.98110336789,47,0.986536065972,1499,,,0.997182436002,0.573827574956000006,,
,,,,,,,,,,,,0.986536065972,47,0.992036367159,1499,,,1.002802709015,0.57944784796899995,,
,,,,,,,,,,,,0.992036367159,47,0.997182436002,1499,,,1.007850949276,0.584496088229999875,,
,,,,,,,,,,,,0.997182436002,47,1.002802709015,1499,,,1.013336758748,0.589981897701999932,,
,,,,,,,,,,,,1.002802709015,47,1.007850949276,1499,,,1.018577252034,0.595222390987999891,,
,,,,,,,,,,,,1.007850949276,47,1.013336758748,1499,,,1.024275448086,0.60092058703999984,,
,,,,,,,,,,,,1.013336758748,47,1.018577252034,1499,,,1.029327680466,0.605972819420000027,,
,,,,,,,,,,,,1.018577252034,47,1.024275448086,1499,,,1.035274880466,0.611920019419999847,,
,,,,,,,,,,,,1.024275448086,47,1.029327680466,1499,,,1.040036648786,0.616681787739999928,,
,,,,,,,,,,,,1.029327680466,47,1.035274880466,1499,,,1.046060248786,0.622705387739999947,,
,,,,,,,,,,,,1.035274880466,47,1.040036648786,1499,,,1.050759128786,0.627404267740000018,,
,,,,,,,,,,,,1.040036648786,47,1.046060248786,1499,,,1.056149295327,0.632794434280999904,,
,,,,,,,,,,,,1.046060248786,47,1.050759128786,1499,,,1.136405833634,0.713050972587999873,,
,,,,,,,,,,,,1.050759128786,47,1.056149295327,1499,,,1.216641337634,0.040210826399999996,,
,,,,,,,,,,,,1.056149295327,47,1.136405833634,1311,,,1.217121017634,0.040690506399999992,,
,,,,,,,,,,,,1.136405833634,47,1.216509801634,47,,,1.224439897634,0.048009386399999992,,
,,,,,,,,,,,,1.136406209634,247,1.216641337634,1499,,,1.234876697634,0.058446186400000002,,
,,,,,,,,,,,,1.216641337634,47,1.217121017634,1499,,,1.240033257634,0.063602746399999992,,
,,,,,,,,,,,,1.217121017634,47,1.224439897634,1499,,,1.245553337634,0.069122826400000003,,
,,,,,,,,,,,,1.224439897634,47,1.234876697634,1499,,,1.257294217634,0.080863706399999984,,
,,,,,,,,,,,,1.234876697634,47,1.240033257634,1499,,,1.262450777634,0.086020266399999989,,
,,,,,,,,,,,,1.240033257634,47,1.245553337634,1499,,,1.267127657634,0.090697146399999983,,
,,,,,,,,,,,,1.245553337634,47,1.257294217634,1499,,,1.278160297634,0.101729786399999993,,
,,,,,,,,,,,,1.257294217634,47,1.262450777634,1499,,,1.289417737634,0.112987226400000001,,
,,,,,,,,,,,,1.262450777634,47,1.267127657634,1499,,,1.293974697634,0.1175441864,,
,,,,,,,,,,,,1.267127657634,47,1.278160297634,1499,,,1.299251177634,0.1228206664,,
,,,,,,,,,,,,1.278160297634,47,1.289417737634,1499,,,1.309924057634,0.133493546399999995,,
,,,,,,,,,,,,1.289417737634,47,1.293974697634,1499,,,1.320596937634,0.144166426399999991,,
,,,,,,,,,,,,1.293974697634,47,1.299251177634,1499,,,1.328991337634,0.152560826399999959,,
,,,,,,,,,,,,1.299251177634,47,1.309924057634,1499,,,1.331509657634,0.155079146399999977,,
,,,,,,,,,,,,1.309924057634,47,1.320596937634,1499,,,1.342186297634,0.165755786399999992,,
,,,,,,,,,,,,1.320596937634,47,1.328991337634,1499,,,1.352844137634,0.176413626399999966,,
,,,,,,,,,,,,1.328991337634,47,1.331509657634,1499,,,1.363517017634,0.187086506399999962,,
,,,,,,,,,,,,1.331509657634,47,1.342186297634,1499,,,1.375153017634,0.198722506399999997,,
,,,,,,,,,,,,1.342186297634,47,1.352844137634,1499,,,1.379230297634,0.202799786399999958,,
,,,,,,,,,,,,1.352844137634,47,1.363517017634,1499,,,1.385945817634,0.209515306399999988,,
,,,,,,,,,,,,1.363517017634,47,1.375153017634,1499,,,1.396123977634,0.21969346639999998,,
,,,,,,,,,,,,1.375153017634,47,1.379230297634,1499,,,1.406796857634,0.230366346399999976,,
,,,,,,,,,,,,1.379230297634,47,1.385945817634,1499,,,1.417709577634,0.241279066399999962,,
,,,,,,,,,,,,1.385945817634,47,1.396123977634,1499,,,1.428142617634,0.251712106399999967,,
,,,,,,,,,,,,1.396123977634,47,1.406796857634,1499,,,1.438579417634,0.262148906399999991,,
,,,,,,,,,,,,1.406796857634,47,1.417709577634,1499,,,1.450211657634,0.273781146399999952,,
,,,,,,,,,,,,1.417709577634,47,1.428142617634,1499,,,1.460284937634,0.283854426400000025,,
,,,,,,,,,,,,1.428142617634,47,1.438579417634,1499,,,1.471557417634,0.295126906399999942,,
,,,,,,,,,,,,1.438579417634,47,1.450211657634,1499,,,1.481394617634,0.304964106399999933,,
,,,,,,,,,,,,1.450211657634,47,1.460284937634,1499,,,1.493011817634,0.316581306399999927,,
,,,,,,,,,,,,1.460284937634,47,1.471557417634,1499,,,1.499847257634,0.323416746399999953,,
,,,,,,,,,,,,1.471557417634,47,1.481394617634,1499,,,1.503205017634,0.32677450639999994,,
,,,,,,,,,,,,1.481394617634,47,1.493011817634,1499,,,1.513877897634,0.337447386399999935,,
,,,,,,,,,,,,1.493011817634,47,1.499847257634,1499,,,1.524310937634,0.347880426399999941,,
,,,,,,,,,,,,1.499847257634,47,1.503205017634,1499,,,1.534863897634,0.358433386399999996,,
,,,,,,,,,,,,1.503205017634,47,1.513877897634,1499,,,1.546001417634,0.369570906400000008,,
,,,,,,,,,,,,1.513877897634,47,1.524310937634,1499,,,1.556299497634,0.379868986399999995,,
,,,,,,,,,,,,1.524310937634,47,1.534863897634,1499,,,1.567096057634,0.39066554639999995,,
,,,,,,,,,,,,1.534863897634,47,1.546001417634,1499,,,1.578128697634,0.401698186399999989,,
,,,,,,,,,,,,1.546001417634,47,1.556299497634,1499,,,1.588546697634,0.412116186399999915,,
,,,,,,,,,,,,1.556299497634,47,1.567096057634,1499,,,1.599099657634,0.42266914639999997,,
,,,,,,,,,,,,1.567096057634,47,1.578128697634,1499,,,1.610252217634,0.433821706399999949,,
,,,,,,,,,,,,1.578128697634,47,1.588546697634,1499,,,1.620689017634,0.444258506399999972,,
,,,,,,,,,,,,1.588546697634,47,1.599099657634,1499,,,1.631365657634,0.454935146399999988,,
,,,,,,,,,,,,1.599099657634,47,1.610252217634,1499,,,1.642398297634,0.465967786399999914,,
,,,,,,,,,,,,1.610252217634,47,1.620689017634,1499,,,1.653071177634,0.476640666400000021,,
,,,,,,,,,,,,1.620689017634,47,1.631365657634,1499,,,1.664107577634,0.487677066399999967,,
,,,,,,,,,,,,1.631365657634,47,1.642398297634,1499,,,1.674420697634,0.49799018639999992,,
,,,,,,,,,,,,1.642398297634,47,1.653071177634,1499,,,1.684973657634,0.508543146399999865,,
,,,,,,,,,,,,1.653071177634,47,1.664107577634,1499,,,1.695646537634,0.519216026399999861,,
,,,,,,,,,,,,1.664107577634,47,1.674420697634,1499,,,1.706199497634,0.529768986399999917,,
,,,,,,,,,,,,1.674420697634,47,1.684973657634,1499,,,1.716992297634,0.540561786399999852,,
,,,,,,,,,,,,1.684973657634,47,1.695646537634,1499,,,1.728024937634,0.551594426399999891,,
,,,,,,,,,,,,1.695646537634,47,1.706199497634,1499,,,1.738457977634,0.562027466400000006,,
,,,,,,,,,,,,1.706199497634,47,1.716992297634,1499,,,1.749010937634,0.572580426399999839,,
,,,,,,,,,,,,1.716992297634,47,1.728024937634,1499,,,1.760163497634,0.583732986400000039,,
,,,,,,,,,,,,1.728024937634,47,1.738457977634,1499,,,1.770476617634,0.594046106399999993,,
,,,,,,,,,,,,1.738457977634,47,1.749010937634,1499,,,1.778616137634,0.602185626399999837,,
,,,,,,,,,,,,1.749010937634,47,1.760163497634,1499,,,1.781134457634,0.604703946399999911,,
,,,,,,,,,,,,1.760163497634,47,1.770476617634,1499,,,1.792287017634,0.615856506399999889,,
,,,,,,,,,,,,1.770476617634,47,1.778616137634,1499,,,1.802600137634,0.626169626399999843,,
,,,,,,,,,,,,1.778616137634,47,1.781134457634,1499,,,1.813392937634,0.6369624264,,
,,,,,,,,,,,,1.781134457634,47,1.792287017634,1499,,,1.824410537634,0.647980026399999961,,
,,,,,,,,,,,,1.792287017634,47,1.802600137634,1499,,,1.834723657634,0.658293146399999914,,
,,,,,,,,,,,,1.802600137634,47,1.813392937634,1499,,,1.845516457634,0.66908594639999985,,
,,,,,,,,,,,,1.813392937634,47,1.824410537634,1499,,,1.856552857634,0.680122346399999908,,
,,,,,,,,,,,,1.824410537634,47,1.834723657634,1499,,,1.867225737634,0.690795226399999903,,
,,,,,,,,,,,,1.834723657634,47,1.845516457634,1499,,,1.877538857634,0.701108346399999856,,
,,,,,,,,,,,,1.845516457634,47,1.856552857634,1499,,,1.888211737634,0.711781226399999853,,
,,,,,,,,,,,,1.856552857634,47,1.867225737634,1499,,,1.899364297634,0.722933786399999829,,
,,,,,,,,,,,,1.867225737634,47,1.877538857634,1499,,,1.909681177634,0.733250666400000025,,
,,,,,,,,,,,,1.877538857634,47,1.888211737634,1499,,,1.920473977634,0.74404346639999996,,
,,,,,,,,,,,,1.888211737634,47,1.899364297634,1499,,,1.931026937634,0.754596426400000016,,
,,,,,,,,,,,,1.899364297634,47,1.909681177634,1499,,,1.942179497634,0.765748986399999993,,
,,,,,,,,,,,,1.909681177634,47,1.920473977634,1499,,,1.952492617634,0.776062106399999948,,
,,,,,,,,,,,,1.920473977634,47,1.931026937634,1499,,,1.963150457634,0.786719946399999867,,
,,,,,,,,,,,,1.931026937634,47,1.942179497634,1499,,,1.974287977634,0.79785746639999999,,
,,,,,,,,,,,,1.942179497634,47,1.952492617634,1499,,,1.984721017634,0.808290506399999883,,
,,,,,,,,,,,,1.952492617634,47,1.963150457634,1499,,,1.995273977634,0.818843466399999938,,
,,,,,,,,,,,,1.963150457634,47,1.974287977634,1499,,,2.003068777634,0.826638266400000039,,
,,,,,,,,,,,,1.974287977634,47,1.984721017634,1499,,,2.006411497634,0.829980986399999839,,
,,,,,,,,,,,,1.984721017634,47,1.995273977634,1499,,,2.016844537634,0.840414026399999954,,
,,,,,,,,,,,,1.995273977634,47,2.003068777634,1499,,,2.027397497634,0.850966986400000011,,
,,,,,,,,,,,,2.003068777634,47,2.006411497634,1499,,,2.039273337634,0.86284282639999987,,
,,,,,,,,,,,,2.006411497634,47,2.016844537634,1499,,,2.048870697634,0.872440186399999981,,
,,,,,,,,,,,,2.016844537634,47,2.027397497634,1499,,,2.059513497634,0.883082986400000042,,
,,,,,,,,,,,,2.027397497634,47,2.039273337634,1499,,,2.070666057634,0.894235546400000022,,
,,,,,,,,,,,,2.039273337634,47,2.048870697634,1499,,,2.080979177634,0.904548666399999975,,
,,,,,,,,,,,,2.048870697634,47,2.059513497634,1499,,,2.091775737634,0.91534522639999993,,
,,,,,,,,,,,,2.059513497634,47,2.070666057634,1499,,,2.102568537634,0.926138026399999865,,
,,,,,,,,,,,,2.070666057634,47,2.080979177634,1499,,,2.114200777634,0.937770266400000048,,
,,,,,,,,,,,,2.080979177634,47,2.091775737634,1499,,,2.124154137634,0.947723626399999959,,
,,,,,,,,,,,,2.091775737634,47,2.102568537634,1499,,,2.134954457634,0.958523946399999934,,
,,,,,,,,,,,,2.102568537634,47,2.114200777634,1499,,,2.145627337634,0.96919682639999993,,
,,,,,,,,,,,,2.114200777634,47,2.124154137634,1499,,,2.156300217634,0.979869706399999923,,
,,,,,,,,,,,,2.124154137634,47,2.134954457634,1499,,,2.166733257634,0.990302746400000041,,
,,,,,,,,,,,,2.134954457634,47,2.145627337634,1499,,,2.177406137634,1.000975626399999813,,
,,,,,,,,,,,,2.145627337634,47,2.156300217634,1499,,,2.187959097634,1.011528586399999869,,
,,,,,,,,,,,,2.156300217634,47,2.166733257634,1499,,,2.199111657634,1.02268114640000007,,
,,,,,,,,,,,,2.166733257634,47,2.177406137634,1499,,,2.209544697634,1.033114186399999741,,
,,,,,,,,,,,,2.177406137634,47,2.187959097634,1499,,,2.220217577634,1.043787066399999736,,
,,,,,,,,,,,,2.187959097634,47,2.199111657634,1499,,,2.231010377634,1.054579866399999673,,
,,,,,,,,,,,,2.199111657634,47,2.209544697634,1499,,,2.241923097634,1.065492586399999993,,
,,,,,,,,,,,,2.209544697634,47,2.220217577634,1499,,,2.252356137634,1.075925626399999663,,
,,,,,,,,,,,,2.220217577634,47,2.231010377634,1499,,,2.262909097634,1.086478586399999719,,
,,,,,,,,,,,,2.231010377634,47,2.241923097634,1499,,,2.274061657634,1.097631146399999919,,
,,,,,,,,,,,,2.241923097634,47,2.252356137634,1499,,,2.284494697634,1.108064186400000035,,
,,,,,,,,,,,,2.252356137634,47,2.262909097634,1499,,,2.295167577634,1.118737066400000031,,
,,,,,,,,,,,,2.262909097634,47,2.274061657634,1499,,,2.305960377634,1.129529866399999966,,
,,,,,,,,,,,,2.274061657634,47,2.284494697634,1499,,,2.316873097634,1.140442586399999841,,
,,,,,,,,,,,,2.284494697634,47,2.295167577634,1499,,,2.327306137634,1.150875626399999957,,
,,,,,,,,,,,,2.295167577634,47,2.305960377634,1499,,,2.337859097634,1.161428586400000013,,
,,,,,,,,,,,,2.305960377634,47,2.316873097634,1499,,,2.349011657634,1.17258114639999977,,
,,,,,,,,,,,,2.316873097634,47,2.327306137634,1499,,,2.359444697634,1.183014186399999885,,
,,,,,,,,,,,,2.327306137634,47,2.337859097634,1499,,,2.370429577634,1.193999066399999972,,
,,,,,,,,,,,,2.337859097634,47,2.349011657634,1499,,,2.378224377634,1.201793866400000072,,
,,,,,,,,,,,,2.349011657634,47,2.359444697634,1499,,,2.380862617634,1.204432106400000083,,
,,,,,,,,,,,,2.359444697634,47,2.370429577634,1499,,,2.391535497634,1.215104986400000082,,
,,,,,,,,,,,,2.370429577634,47,2.378224377634,1499,,,2.402328297634,1.225897786400000016,,
,,,,,,,,,,,,2.378224377634,47,2.380862617634,1499,,,2.413236217634,1.236805706399999755,,
,,,,,,,,,,,,2.380862617634,47,2.391535497634,1499,,,2.423669257634,1.24723874639999987,,
,,,,,,,,,,,,2.391535497634,47,2.402328297634,1499,,,2.434222217634,1.257791706399999926,,
,,,,,,,,,,,,2.402328297634,47,2.413236217634,1499,,,2.445374777634,1.268944266399999681,,
,,,,,,,,,,,,2.413236217634,47,2.423669257634,1499,,,2.455811577634,1.279381066400000041,,
,,,,,,,,,,,,2.423669257634,47,2.434222217634,1499,,,2.466484457634,1.290053946400000035,,
,,,,,,,,,,,,2.434222217634,47,2.445374777634,1499,,,2.477277257634,1.300846746399999972,,
,,,,,,,,,,,,2.445374777634,47,2.455811577634,1499,,,2.488070057634,1.311639546399999903,,
,,,,,,,,,,,,2.455811577634,47,2.466484457634,1499,,,2.498626777634,1.322196266399999761,,
,,,,,,,,,,,,2.466484457634,47,2.477277257634,1499,,,2.509539497634,1.333108986400000078,,
,,,,,,,,,,,,2.477277257634,47,2.488070057634,1499,,,2.520212377634,1.343781866400000075,,
,,,,,,,,,,,,2.488070057634,47,2.498626777634,1499,,,2.600776433634,1.424345922399999678,,
,,,,,,,,,,,,2.498626777634,47,2.509539497634,1499,,,2.682822057634,0.04202050639999999,,
,,,,,,,,,,,,2.509539497634,47,2.520212377634,1499,,,2.683901337634,0.043099786399999992,,
,,,,,,,,,,,,2.520212377634,47,2.600776433634,1306,,,2.691685257634,0.050883706399999992,,
,,,,,,,,,,,,2.600776433634,47,2.682690521634,47,,,2.702370217634,0.061568666399999999,,
,,,,,,,,,,,,2.600776809634,247,2.682822057634,1499,,,2.710165017634,0.069363466399999989,,
,,,,,,,,,,,,2.682822057634,47,2.683901337634,1499,,,2.713043097634,0.072241546399999994,,
,,,,,,,,,,,,2.683901337634,47,2.691685257634,1499,,,2.723715977634,0.08291442639999999,,
,,,,,,,,,,,,2.691685257634,47,2.702370217634,1499,,,2.734508777634,0.093707226399999981,,
,,,,,,,,,,,,2.702370217634,47,2.710165017634,1499,,,2.745181657634,0.104380106400000005,,
,,,,,,,,,,,,2.710165017634,47,2.713043097634,1499,,,2.755854537634,0.1150529864,,
,,,,,,,,,,,,2.713043097634,47,2.723715977634,1499,,,2.766635497634,0.125833946400000007,,
,,,,,,,,,,,,2.723715977634,47,2.734508777634,1499,,,2.777333337634,0.136531786399999965,,
,,,,,,,,,,,,2.734508777634,47,2.745181657634,1499,,,2.788009977634,0.14720842639999998,,
,,,,,,,,,,,,2.745181657634,47,2.755854537634,1499,,,2.798682857634,0.157881306399999976,,
,,,,,,,,,,,,2.755854537634,47,2.766635497634,1499,,,2.809475657634,0.168674106399999967,,
,,,,,,,,,,,,2.766635497634,47,2.777333337634,1499,,,2.820148537634,0.179346986399999962,,
,,,,,,,,,,,,2.777333337634,47,2.788009977634,1499,,,2.830821417634,0.190019866399999958,,
,,,,,,,,,,,,2.788009977634,47,2.798682857634,1499,,,2.841494297634,0.200692746400000009,,
,,,,,,,,,,,,2.798682857634,47,2.809475657634,1499,,,2.851215337634,0.210413786399999968,,
,,,,,,,,,,,,2.809475657634,47,2.820148537634,1499,,,2.862247977634,0.221446426400000006,,
,,,,,,,,,,,,2.820148537634,47,2.830821417634,1499,,,2.872920857634,0.232119306400000002,,
,,,,,,,,,,,,2.830821417634,47,2.841494297634,1499,,,2.883353897634,0.242552346400000006,,
,,,,,,,,,,,,2.841494297634,47,2.851215337634,1499,,,2.894026777634,0.253225226400000002,,
,,,,,,,,,,,,2.851215337634,47,2.862247977634,1499,,,2.904579737634,0.263778186399999946,,
,,,,,,,,,,,,2.862247977634,47,2.872920857634,1499,,,2.916811577634,0.27601002639999994,,
,,,,,,,,,,,,2.872920857634,47,2.883353897634,1499,,,2.926405177634,0.28560362639999992,,
,,,,,,,,,,,,2.883353897634,47,2.894026777634,1499,,,2.936718297634,0.295916746399999984,,
,,,,,,,,,,,,2.894026777634,47,2.904579737634,1499,,,2.945743017634,0.30494146639999997,,
,,,,,,,,,,,,2.904579737634,47,2.916811577634,1499,,,2.947480937634,0.306679386399999919,,
,,,,,,,,,,,,2.916811577634,47,2.926405177634,1499,,,2.958273737634,0.317472186399999965,,
,,,,,,,,,,,,2.926405177634,47,2.936718297634,1499,,,2.968826697634,0.328025146400000021,,
,,,,,,,,,,,,2.936718297634,47,2.945743017634,1499,,,2.980698777634,0.339897226399999972,,
,,,,,,,,,,,,2.945743017634,47,2.947480937634,1499,,,2.990412297634,0.349610746400000004,,
,,,,,,,,,,,,2.947480937634,47,2.958273737634,1499,,,3.000965257634,0.360163706399999948,,
,,,,,,,,,,,,2.958273737634,47,2.968826697634,1499,,,3.012696457634,0.3718949064,,
,,,,,,,,,,,,2.968826697634,47,2.980698777634,1499,,,3.020731097634,0.379929546399999982,,
,,,,,,,,,,,,2.980698777634,47,2.990412297634,1499,,,3.022653577634,0.381852026399999931,,
,,,,,,,,,,,,2.990412297634,47,3.000965257634,1499,,,3.033097337634,0.392295786399999955,,
,,,,,,,,,,,,3.000965257634,47,3.012696457634,1499,,,3.044013337634,0.403211786399999992,,
,,,,,,,,,,,,3.012696457634,47,3.020731097634,1499,,,3.055525657634,0.414724106400000012,,
,,,,,,,,,,,,3.020731097634,47,3.022653577634,1499,,,3.065359097634,0.424557546399999983,,
,,,,,,,,,,,,3.022653577634,47,3.033097337634,1499,,,3.076943097634,0.436141546400000022,,
,,,,,,,,,,,,3.033097337634,47,3.044013337634,1499,,,3.087923737634,0.447122186400000007,,
,,,,,,,,,,,,3.044013337634,47,3.055525657634,1499,,,3.095598617634,0.454797066399999947,,
,,,,,,,,,,,,3.055525657634,47,3.065359097634,1499,,,3.098356777634,0.457555226400000012,,
,,,,,,,,,,,,3.065359097634,47,3.076943097634,1499,,,3.108190217634,0.467388666399999983,,
,,,,,,,,,,,,3.076943097634,47,3.087923737634,1499,,,3.118750697634,0.477949146399999965,,
,,,,,,,,,,,,3.087923737634,47,3.095598617634,1499,,,3.130866377634,0.490064826399999928,,
,,,,,,,,,,,,3.095598617634,47,3.098356777634,1499,,,3.141539257634,0.500737706400000035,,
,,,,,,,,,,,,3.098356777634,47,3.108190217634,1499,,,3.151016697634,0.510215146399999983,,
,,,,,,,,,,,,3.108190217634,47,3.118750697634,1499,,,3.161573417634,0.520771866399999836,,
,,,,,,,,,,,,3.118750697634,47,3.130866377634,1499,,,3.172849657634,0.532048106399999995,,
,,,,,,,,,,,,3.130866377634,47,3.141539257634,1499,,,3.183282697634,0.542481146399999889,,
,,,,,,,,,,,,3.141539257634,47,3.151016697634,1499,,,3.195394617634,0.554593066399999832,,
,,,,,,,,,,,,3.151016697634,47,3.161573417634,1499,,,3.204628457634,0.56382690639999988,,
,,,,,,,,,,,,3.161573417634,47,3.172849657634,1499,,,3.215181417634,0.574379866399999936,,
,,,,,,,,,,,,3.172849657634,47,3.183282697634,1499,,,3.225974217634,0.585172666399999872,,
,,,,,,,,,,,,3.183282697634,47,3.195394617634,1499,,,3.238206057634,0.597404506399999976,,
,,,,,,,,,,,,3.195394617634,47,3.204628457634,1499,,,3.247319977634,0.606518426399999863,,
,,,,,,,,,,,,3.204628457634,47,3.215181417634,1499,,,3.257992857634,0.617191306399999859,,
,,,,,,,,,,,,3.215181417634,47,3.225974217634,1499,,,3.270219897634,0.629418346400000048,,
,,,,,,,,,,,,3.225974217634,47,3.238206057634,1499,,,3.279573657634,0.638772106400000037,,
,,,,,,,,,,,,3.238206057634,47,3.247319977634,1499,,,3.290126617634,0.64932506639999987,,
,,,,,,,,,,,,3.247319977634,47,3.257992857634,1499,,,3.302358457634,0.661556906399999975,,
,,,,,,,,,,,,3.257992857634,47,3.270219897634,1499,,,3.312911417634,0.67210986640000003,,
,,,,,,,,,,,,3.270219897634,47,3.279573657634,1499,,,3.322340937634,0.681539386399999888,,
,,,,,,,,,,,,3.279573657634,47,3.290126617634,1499,,,3.334332937634,0.69353138639999989,,
,,,,,,,,,,,,3.290126617634,47,3.302358457634,1499,,,3.341648057634,0.700846506400000011,,
,,,,,,,,,,,,3.302358457634,47,3.312911417634,1499,,,3.344409977634,0.703608426399999984,,
,,,,,,,,,,,,3.312911417634,47,3.322340937634,1499,,,3.354363337634,0.713561786399999894,,
,,,,,,,,,,,,3.322340937634,47,3.334332937634,1499,,,3.366475257634,0.725673706399999837,,
,,,,,,,,,,,,3.334332937634,47,3.341648057634,1499,,,3.375948937634,0.735147386399999988,,
,,,,,,,,,,,,3.341648057634,47,3.344409977634,1499,,,3.386514937634,0.745713386399999841,,
,,,,,,,,,,,,3.344409977634,47,3.354363337634,1499,,,3.398577177634,0.757775626399999953,,
,,,,,,,,,,,,3.354363337634,47,3.366475257634,1499,,,3.408054617634,0.767253066399999901,,
,,,,,,,,,,,,3.366475257634,47,3.375948937634,1499,,,3.418607577634,0.777806026399999957,,
,,,,,,,,,,,,3.375948937634,47,3.386514937634,1499,,,3.430839417634,0.790037866399999841,,
,,,,,,,,,,,,3.386514937634,47,3.398577177634,1499,,,3.440193177634,0.799391626400000051,,
,,,,,,,,,,,,3.398577177634,47,3.408054617634,1499,,,3.450746137634,0.809944586399999885,,
,,,,,,,,,,,,3.408054617634,47,3.418607577634,1499,,,3.461422777634,0.8206212263999999,,
,,,,,,,,,,,,3.418607577634,47,3.430839417634,1499,,,3.473654617634,0.832853066400000004,,
,,,,,,,,,,,,3.430839417634,47,3.440193177634,1499,,,3.483012137634,0.842210586400000013,,
,,,,,,,,,,,,3.440193177634,47,3.450746137634,1499,,,3.493565097634,0.852763546399999846,,
,,,,,,,,,,,,3.450746137634,47,3.461422777634,1499,,,3.504357897634,0.863556346400000004,,
,,,,,,,,,,,,3.461422777634,47,3.473654617634,1499,,,3.514968377634,0.874166826399999982,,
,,,,,,,,,,,,3.473654617634,47,3.483012137634,1499,,,3.527320137634,0.886518586400000026,,
,,,,,,,,,,,,3.483012137634,47,3.493565097634,1499,,,3.536553977634,0.895752426399999853,,
,,,,,,,,,,,,3.493565097634,47,3.504357897634,1499,,,3.547106937634,0.906305386399999908,,
,,,,,,,,,,,,3.504357897634,47,3.514968377634,1499,,,3.557899737634,0.917098186399999844,,
,,,,,,,,,,,,3.514968377634,47,3.527320137634,1499,,,3.570011657634,0.929210106400000009,,
,,,,,,,,,,,,3.527320137634,47,3.536553977634,1499,,,3.579245497634,0.938443946399999836,,
,,,,,,,,,,,,3.536553977634,47,3.547106937634,1499,,,3.587759817634,0.94695826640000002,,
,,,,,,,,,,,,3.547106937634,47,3.557899737634,1499,,,3.590042057634,0.949240506400000012,,
,,,,,,,,,,,,3.557899737634,47,3.570011657634,1499,,,3.602153977634,0.961352426399999956,,
,,,,,,,,,,,,3.570011657634,47,3.579245497634,1499,,,3.611344617634,0.970543066399999873,,
,,,,,,,,,,,,3.579245497634,47,3.587759817634,1499,,,3.622142457634,0.981340906400000041,,
,,,,,,,,,,,,3.587759817634,47,3.590042057634,1499,,,3.634254377634,0.993452826399999985,,
,,,,,,,,,,,,3.590042057634,47,3.602153977634,1499,,,3.643488217634,1.00268666639999981,,
,,,,,,,,,,,,3.602153977634,47,3.611344617634,1499,,,3.654161097634,1.013359546399999808,,
,,,,,,,,,,,,3.611344617634,47,3.622142457634,1499,,,3.666392937634,1.025591386399999911,,
,,,,,,,,,,,,3.622142457634,47,3.634254377634,1499,,,3.675746697634,1.034945146399999678,,
,,,,,,,,,,,,3.634254377634,47,3.643488217634,1499,,,3.687663177634,1.046861626399999685,,
,,,,,,,,,,,,3.643488217634,47,3.654161097634,1499,,,3.697624057634,1.056822506400000079,,
,,,,,,,,,,,,3.654161097634,47,3.666392937634,1499,,,3.707697337634,1.066895786399999931,,
,,,,,,,,,,,,3.666392937634,47,3.675746697634,1499,,,3.720049097634,1.079247546399999976,,
,,,,,,,,,,,,3.675746697634,47,3.687663177634,1499,,,3.729282937634,1.088481386399999801,,
,,,,,,,,,,,,3.687663177634,47,3.697624057634,1499,,,3.739835897634,1.099034346399999856,,
,,,,,,,,,,,,3.697624057634,47,3.707697337634,1499,,,3.751947817634,1.111146266400000019,,
,,,,,,,,,,,,3.707697337634,47,3.720049097634,1499,,,3.761185417634,1.12038386640000009,,
,,,,,,,,,,,,3.720049097634,47,3.729282937634,1499,,,3.773297337634,1.132495786399999812,,
,,,,,,,,,,,,3.729282937634,47,3.739835897634,1499,,,3.783970217634,1.143168666399999806,,
,,,,,,,,,,,,3.739835897634,47,3.751947817634,1499,,,3.794763017634,1.15396146639999974,,
,,,,,,,,,,,,3.751947817634,47,3.761185417634,1499,,,3.803996857634,1.163195306400000012,,
,,,,,,,,,,,,3.761185417634,47,3.773297337634,1499,,,3.816108777634,1.175307226399999732,,
,,,,,,,,,,,,3.773297337634,47,3.783970217634,1499,,,3.826807817634,1.186006266399999727,,
,,,,,,,,,,,,3.783970217634,47,3.794763017634,1499,,,3.837657177634,1.19685562640000009,,
,,,,,,,,,,,,3.794763017634,47,3.803996857634,1499,,,3.848210137634,1.207408586399999701,,
,,,,,,,,,,,,3.803996857634,47,3.816108777634,1499,,,3.855645177634,1.214843626399999981,,
,,,,,,,,,,,,3.816108777634,47,3.826807817634,1499,,,3.858883017634,1.218081466399999695,,
,,,,,,,,,,,,3.826807817634,47,3.837657177634,1499,,,3.869555897634,1.228754346399999693,,
,,,,,,,,,,,,3.837657177634,47,3.848210137634,1499,,,3.880108857634,1.239307306399999747,,
,,,,,,,,,,,,3.848210137634,47,3.855645177634,1499,,,3.890781737634,1.249980186399999743,,
,,,,,,,,,,,,3.855645177634,47,3.858883017634,1499,,,3.901818137634,1.261016586399999801,,
,,,,,,,,,,,,3.858883017634,47,3.869555897634,1499,,,3.912251177634,1.271449626399999918,,
,,,,,,,,,,,,3.869555897634,47,3.880108857634,1499,,,3.922208297634,1.28140674640000007,,
,,,,,,,,,,,,3.880108857634,47,3.890781737634,1499,,,3.932997257634,1.292195706399999805,,
,,,,,,,,,,,,3.890781737634,47,3.901818137634,1499,,,3.943670137634,1.302868586399999801,,
,,,,,,,,,,,,3.901818137634,47,3.912251177634,1499,,,3.954315977634,1.31351442639999982,,
,,,,,,,,,,,,3.912251177634,47,3.922208297634,1499,,,3.965108777634,1.324307226399999755,,
,,,,,,,,,,,,3.922208297634,47,3.932997257634,1499,,,3.975781657634,1.334980106399999751,,
,,,,,,,,,,,,3.932997257634,47,3.943670137634,1499,,,3.986454537634,1.345652986399999743,,
,,,,,,,,,,,,3.943670137634,47,3.954315977634,1499,,,3.997211177634,1.356409626400000063,,
,,,,,,,,,,,,3.954315977634,47,3.965108777634,1499,,,4.007884057634,1.367082506400000057,,
,,,,,,,,,,,,3.965108777634,47,3.975781657634,1499,,,4.019280217634,1.378478666399999933,,
,,,,,,,,,,,,3.975781657634,47,3.986454537634,1499,,,4.028873817634,1.388072266400000026,,
,,,,,,,,,,,,3.986454537634,47,3.997211177634,1499,,,4.039670377634,1.398868826399999756,,
,,,,,,,,,,,,3.997211177634,47,4.007884057634,1499,,,4.050223337634,1.409421786399999816,,
,,,,,,,,,,,,4.007884057634,47,4.019280217634,1499,,,4.061375897634,1.420574346400000013,,
,,,,,,,,,,,,4.019280217634,47,4.028873817634,1499,,,4.072168697634,1.431367146399999951,,
,,,,,,,,,,,,4.028873817634,47,4.039670377634,1499,,,4.082365657634,1.441564106399999981,,
,,,,,,,,,,,,4.039670377634,47,4.050223337634,1499,,,4.093518217634,1.452716666399999738,,
,,,,,,,,,,,,4.050223337634,47,4.061375897634,1499,,,4.101912617634,1.461111066399999983,,
,,,,,,,,,,,,4.061375897634,47,4.072168697634,1499,,,4.104311017634,1.463509466399999675,,
,,,,,,,,,,,,4.072168697634,47,4.082365657634,1499,,,4.114983897634,1.47418234639999967,,
,,,,,,,,,,,,4.082365657634,47,4.093518217634,1499,,,4.125656777634,1.484855226399999666,,
,,,,,,,,,,,,4.093518217634,47,4.101912617634,1499,,,4.136326377634,1.495524826400000056,,
,,,,,,,,,,,,4.101912617634,47,4.104311017634,1499,,,4.147119177634,1.506317626399999988,,
,,,,,,,,,,,,4.104311017634,47,4.114983897634,1499,,,4.157792057634,1.516990506399999987,,
,,,,,,,,,,,,4.114983897634,47,4.125656777634,1499,,,4.168464937634,1.527663386399999981,,
,,,,,,,,,,,,4.125656777634,47,4.136326377634,1499,,,4.179257737634,1.538456186399999916,,
,,,,,,,,,,,,4.136326377634,47,4.147119177634,1499,,,4.189930617634,1.549129066399999913,,
,,,,,,,,,,,,4.147119177634,47,4.157792057634,1499,,,4.200603497634,1.559801946399999908,,
,,,,,,,,,,,,4.157792057634,47,4.168464937634,1499,,,4.211276377634,1.570474826399999903,,
,,,,,,,,,,,,4.168464937634,47,4.179257737634,1499,,,4.291716033634,1.650914482399999707,,
,,,,,,,,,,,,4.179257737634,47,4.189930617634,1499,,,4.372675577634,0.040931490399999992,,
,,,,,,,,,,,,4.189930617634,47,4.200603497634,1499,,,4.373874777634,0.042130690399999989,,
,,,,,,,,,,,,4.200603497634,47,4.211276377634,1499,,,4.380470377634,0.048726290399999996,,
,,,,,,,,,,,,4.211276377634,47,4.291716033634,1016,,,4.390903417634,0.059159330400000001,,
,,,,,,,,,,,,4.291716033634,47,4.372544041634,47,,,4.401580057634,0.069835970400000002,,
,,,,,,,,,,,,4.291716409634,247,4.372675577634,1499,,,4.412612697634,0.080868610399999984,,
,,,,,,,,,,,,4.372675577634,47,4.373874777634,1499,,,4.423045737634,0.091301650399999989,,
,,,,,,,,,,,,4.373874777634,47,4.380470377634,1499,,,4.433722377634,0.101978290400000004,,
,,,,,,,,,,,,4.380470377634,47,4.390903417634,1499,,,4.444395257634,0.1126511704,,
,,,,,,,,,,,,4.390903417634,47,4.401580057634,1499,,,4.455307977634,0.123563890399999986,,
,,,,,,,,,,,,4.401580057634,47,4.412612697634,1499,,,4.465860937634,0.134116850399999986,,
,,,,,,,,,,,,4.412612697634,47,4.423045737634,1499,,,4.476533817634,0.144789730399999982,,
,,,,,,,,,,,,4.423045737634,47,4.433722377634,1499,,,4.487566457634,0.155822370399999964,,
,,,,,,,,,,,,4.433722377634,47,4.444395257634,1499,,,4.498239337634,0.16649525039999996,,
,,,,,,,,,,,,4.444395257634,47,4.455307977634,1499,,,4.508945017634,0.177200930400000011,,
,,,,,,,,,,,,4.455307977634,47,4.465860937634,1499,,,4.519497977634,0.187753890400000011,,
,,,,,,,,,,,,4.465860937634,47,4.476533817634,1499,,,4.530170857634,0.198426770400000006,,
,,,,,,,,,,,,4.476533817634,47,4.487566457634,1499,,,4.540963657634,0.209219570399999997,,
,,,,,,,,,,,,4.487566457634,47,4.498239337634,1499,,,4.546240137634,0.21449605039999997,,
,,,,,,,,,,,,4.498239337634,47,4.508945017634,1499,,,4.551756457634,0.220012370399999989,,
,,,,,,,,,,,,4.508945017634,47,4.519497977634,1499,,,4.562312617634,0.23056853039999997,,
,,,,,,,,,,,,4.519497977634,47,4.530170857634,1499,,,4.573183097634,0.241439010399999985,,
,,,,,,,,,,,,4.530170857634,47,4.540963657634,1499,,,4.583739817634,0.251995730400000005,,
,,,,,,,,,,,,4.540963657634,47,4.546240137634,1499,,,4.594412697634,0.262668610400000001,,
,,,,,,,,,,,,4.546240137634,47,4.551756457634,1499,,,4.605205497634,0.273461410399999936,,
,,,,,,,,,,,,4.551756457634,47,4.562312617634,1499,,,4.615998297634,0.284254210399999983,,
,,,,,,,,,,,,4.562312617634,47,4.573183097634,1499,,,4.624574137634,0.292830050399999984,,
,,,,,,,,,,,,4.573183097634,47,4.583739817634,1499,,,4.626732697634,0.294988610400000015,,
,,,,,,,,,,,,4.583739817634,47,4.594412697634,1499,,,4.637293177634,0.3055490904,,
,,,,,,,,,,,,4.594412697634,47,4.605205497634,1499,,,4.647973577634,0.316229490399999922,,
,,,,,,,,,,,,4.605205497634,47,4.615998297634,1499,,,4.658670697634,0.326926610399999926,,
,,,,,,,,,,,,4.615998297634,47,4.624574137634,1499,,,4.669538697634,0.337794610399999915,,
,,,,,,,,,,,,4.624574137634,47,4.626732697634,1499,,,4.680091657634,0.348347570399999971,,
,,,,,,,,,,,,4.626732697634,47,4.637293177634,1499,,,4.690764537634,0.359020450399999967,,
,,,,,,,,,,,,4.637293177634,47,4.647973577634,1499,,,4.701677257634,0.369933170399999954,,
,,,,,,,,,,,,4.647973577634,47,4.658670697634,1499,,,4.712353897634,0.380609810399999968,,
,,,,,,,,,,,,4.658670697634,47,4.669538697634,1499,,,4.722906857634,0.391162770400000024,,
,,,,,,,,,,,,4.669538697634,47,4.680091657634,1499,,,4.733823337634,0.402079250399999919,,
,,,,,,,,,,,,4.680091657634,47,4.690764537634,1499,,,4.744496217634,0.412752130399999915,,
,,,,,,,,,,,,4.690764537634,47,4.701677257634,1499,,,4.755052937634,0.42330885039999999,,
,,,,,,,,,,,,4.701677257634,47,4.712353897634,1499,,,4.765725817634,0.433981730399999985,,
,,,,,,,,,,,,4.712353897634,47,4.722906857634,1499,,,4.776518617634,0.44477453039999992,,
,,,,,,,,,,,,4.722906857634,47,4.733823337634,1499,,,4.787361337634,0.455617250400000005,,
,,,,,,,,,,,,4.733823337634,47,4.744496217634,1499,,,4.798073097634,0.466329010399999963,,
,,,,,,,,,,,,4.744496217634,47,4.755052937634,1499,,,4.808745977634,0.477001890399999959,,
,,,,,,,,,,,,4.755052937634,47,4.765725817634,1499,,,4.819298937634,0.487554850400000014,,
,,,,,,,,,,,,4.765725817634,47,4.776518617634,1499,,,4.829971817634,0.49822773040000001,,
,,,,,,,,,,,,4.776518617634,47,4.787361337634,1499,,,4.840764617634,0.509020530399999946,,
,,,,,,,,,,,,4.787361337634,47,4.798073097634,1499,,,4.845801257634,0.514057170399999872,,
,,,,,,,,,,,,4.798073097634,47,4.808745977634,1499,,,4.851557417634,0.519813330399999883,,
,,,,,,,,,,,,4.808745977634,47,4.819298937634,1499,,,4.862593817634,0.53084973039999994,,
,,,,,,,,,,,,4.819298937634,47,4.829971817634,1499,,,4.872787017634,0.541042930399999953,,
,,,,,,,,,,,,4.829971817634,47,4.840764617634,1499,,,4.883703497634,0.551959410399999847,,
,,,,,,,,,,,,4.840764617634,47,4.845801257634,1499,,,4.894376377634,0.562632290399999844,,
,,,,,,,,,,,,4.845801257634,47,4.851557417634,1499,,,4.904929337634,0.573185250399999899,,
,,,,,,,,,,,,4.851557417634,47,4.862593817634,1499,,,4.915722137634,0.583978050399999834,,
,,,,,,,,,,,,4.862593817634,47,4.872787017634,1499,,,4.926514937634,0.594770850399999992,,
,,,,,,,,,,,,4.872787017634,47,4.883703497634,1499,,,4.937261497634,0.605517410399999841,,
,,,,,,,,,,,,4.883703497634,47,4.894376377634,1499,,,4.947934377634,0.616190290399999837,,
,,,,,,,,,,,,4.894376377634,47,4.904929337634,1499,,,4.958443177634,0.626699090400000043,,
,,,,,,,,,,,,4.904929337634,47,4.915722137634,1499,,,4.969355897634,0.63761181039999992,,
,,,,,,,,,,,,4.915722137634,47,4.926514937634,1499,,,4.980053017634,0.648308930400000036,,
,,,,,,,,,,,,4.926514937634,47,4.937261497634,1499,,,4.990605977634,0.658861890399999869,,
,,,,,,,,,,,,4.937261497634,47,4.947934377634,1499,,,,,,
,,,,,,,,,,,,4.947934377634,47,4.958443177634,1499,,,,,,
,,,,,,,,,,,,4.958443177634,47,4.969355897634,1499,,,,,,
,,,,,,,,,,,,4.969355897634,47,4.980053017634,1499,,,,,,
,,,,,,,,,,,,4.980053017634,47,4.990605977634,1499,,,,,,
,,,,,,,,,,,,4.990605977634,47,,,,,,,,
